지점,지점명,일시,평균기온(°C),최저기온(°C),최고기온(°C),일강수량(mm),최대 풍속(m/s),최대 풍속 풍향(16방위),평균 풍속(m/s),최다풍향(16방위),최소 상대습도(%),최소 상대습도 시각(hhmi),평균 상대습도(%),평균 증기압(hPa),최고 해면기압(hPa),최저 해면기압(hPa),평균 해면기압(hPa),평균 전운량(1/10),평균 중하층운량(1/10),평균 지면온도(°C),최저 초상온도(°C)
102,백령도,2022-02-28,5.3,.5,8.4,,6.9,160,3.8,160,76,1423,86.9,7.7,1021.4,1014.5,1018.4,6,3.6,8,-7.2
102,백령도,2022-03-01,3.8,2.6,6.6,,11.7,340,6.8,320,35,1646,62.6,5.1,1018.5,1012.4,1015.8,3.6,3.6,6.2,1
102,백령도,2022-03-02,5.4,2,8.6,,8.7,250,5.1,250,33,1444,55.4,4.9,1018.3,1014.2,1016.3,0,0,8.7,-2.1
102,백령도,2022-03-03,5.1,1.9,8.9,,5.6,160,2.7,160,20,1207,55.3,4.7,1018.8,1015.1,1016.9,0,0,10.3,-2.8
102,백령도,2022-03-04,6.5,4.2,11,,10.9,340,6.8,140,50,1645,81.3,7.8,1015.2,1003.7,1009,7.8,4.8,9.1,2.1
102,백령도,2022-03-05,2.8,1.8,4.5,,15.2,340,9.2,320,23,609,30.5,2.3,1021.3,1011.5,1017.2,0,0,6.2,.1
102,백령도,2022-03-06,2,.9,3.2,,13.9,340,7.9,340,25,57,37.1,2.6,1025.3,1021.1,1022.7,1,0,5,-1.8
102,백령도,2022-03-07,3.8,-.4,6.6,,7.9,160,3.2,160,46,1003,67.8,5.5,1022.1,1017.7,1019.5,5.4,1,6.9,-9.4
102,백령도,2022-03-08,4.4,2.4,7.9,,5.4,160,2.9,90,68,1225,90.5,7.5,1019.4,1016.9,1018.2,8.1,7.9,11,0
102,백령도,2022-03-09,2.5,.9,5.3,,4.6,140,1.9,140,82,1557,97.5,7.2,1023.7,1019.3,1021.6,10,10,7.6,0
102,백령도,2022-03-10,4.6,1.1,7.3,,6.8,160,4.5,140,85,1404,97.1,8.2,1020.9,1017.3,1019,10,10,8.7,.6
102,백령도,2022-03-11,6,1.9,12.3,,5.1,290,2.7,290,55,1215,81.5,7.4,1019.8,1016.9,1017.9,6.1,3.3,10.6,-1.4
102,백령도,2022-03-12,7.4,2.7,9.6,4.6,7.6,160,3.3,160,42,913,79.5,8.1,1017.9,1009.5,1013.2,7.6,5.9,7.8,-3
102,백령도,2022-03-13,7.2,5.2,10.1,0,6.4,320,2.8,320,74,2238,91,9.2,1012.7,1008.9,1010.8,5.8,5.5,11,1.4
102,백령도,2022-03-14,5.8,3.6,8.1,2.6,11.6,320,6.5,320,69,2036,85.4,8,1015,1008.5,1011,5.8,4.6,6.7,.6
102,백령도,2022-03-15,4.4,-.4,7.1,,10.7,340,4,160,58,1213,77.5,6.5,1015.5,1010.6,1013.4,4.1,1.1,7.4,-3.3
102,백령도,2022-03-16,5.4,4,8.5,,9.7,340,4.6,340,59,1755,76.3,6.8,1022.2,1012.4,1017.8,7.1,3,8.9,1.6
102,백령도,2022-03-17,4.3,1.5,6.8,,10.2,340,5,340,49,1345,64.8,5.4,1022.8,1015.2,1019.5,8.9,7.8,7.6,-.1
102,백령도,2022-03-18,6.5,5.3,9,.2,4.4,110,2.2,90,49,1402,68,6.5,1015.4,1006.6,1010.5,8.9,8.6,10.3,3.5
102,백령도,2022-03-19,2.8,.3,5.6,11.2,9.2,340,4.5,340,56,2305,81.5,6.1,1015.7,1004.5,1009.9,7.6,6.8,2.9,-.2
102,백령도,2022-03-20,3.5,2.1,5,,8.5,340,5.4,320,28,1724,49.9,3.9,1023,1015.4,1019.6,1.6,0,5.2,-.9
102,백령도,2022-03-21,4.8,1.6,7.9,,4.8,320,2.1,270,23,1300,55.5,4.7,1025.5,1022.6,1023.9,5.1,0,7.8,-4
102,백령도,2022-03-22,4.6,2.8,7.1,,7.9,320,5,340,30,1412,58.4,4.9,1026.2,1020.1,1023,3,1.6,8.4,-.3
102,백령도,2022-03-23,6,3.9,8.5,,8,200,4.3,200,46,518,69.8,6.6,1020.6,1013.8,1016.5,8.5,4.1,8.4,2.5
102,백령도,2022-03-24,8.3,6.2,12.5,,9,230,4.6,160,64,1221,81.8,8.9,1018.2,1013.9,1016.3,6.8,1.9,12.4,3.5
102,백령도,2022-03-25,8.1,6.5,11.7,45,11.7,110,6.8,110,67,725,86.5,9.4,1018.3,998,1010.7,9.6,6.4,7.2,4.4
102,백령도,2022-03-26,7.9,6,10.6,4.3,15.8,340,8.1,340,54,1521,76.3,8.1,1012.4,994,1004,6.3,3.3,9.8,4
102,백령도,2022-03-27,6.4,4.6,8.9,,12.5,340,5.6,290,38,1316,60.5,5.8,1023,1012,1017.3,2.1,.4,8.8,2.5
102,백령도,2022-03-28,7.2,2.9,11.6,,4.7,200,2.5,90,11,1359,48,4.4,1026.8,1022.9,1025.6,0,0,12.4,-6.2
102,백령도,2022-03-29,7,1.6,10.8,,9.5,160,4.2,160,43,1344,70.8,7,1026.5,1020,1022.6,3.5,1.1,11.7,-5.2
102,백령도,2022-03-30,7.4,6,9,1.9,6.8,340,3.5,140,67,30,87.4,8.9,1022.5,1017.6,1019.8,9.6,9.1,8.5,3
102,백령도,2022-03-31,6.2,4.9,7.7,,8.8,340,5.6,340,50,2359,65.5,6.2,1028.9,1022.4,1025.9,4.5,1,8.7,2.2
102,백령도,2022-04-01,6,2.7,8.2,,8.9,340,4.9,340,41,1305,58.8,5.5,1031.9,1028.1,1029.6,.4,0,10.8,-3
102,백령도,2022-04-02,6.2,3.7,8.9,,6.5,290,3.8,290,22,2239,59.4,5.6,1029,1026.3,1027.4,.4,0,11.1,-2.3
102,백령도,2022-04-03,8.7,5.1,13.3,,4.5,320,1.9,270,31,8,57.6,6.4,1029.1,1026.6,1027.6,0,0,13.9,-4.2
102,백령도,2022-04-04,8.7,5,12.8,,6.6,180,3.3,200,33,1444,68,7.4,1028.5,1024.1,1026.4,0,0,14,-3.5
102,백령도,2022-04-05,8.9,6.6,12.3,,8.5,180,4.5,180,57,1258,76.6,8.6,1024.1,1017.8,1020.3,1.8,.1,14.1,1.8
102,백령도,2022-04-06,7.1,5.7,9.6,,8.5,340,4.8,340,22,2119,48.3,4.8,1024.6,1019.6,1021.8,5.1,2.1,12.4,2.9
102,백령도,2022-04-07,8.1,4,12.3,,7.4,290,3.5,250,9,1059,46.4,4.8,1020,1015.8,1017.8,1.6,1,15,-2.6
102,백령도,2022-04-08,8.8,4.4,12.1,,8,160,4.7,140,56,1715,76.8,8.6,1019.7,1012.2,1016.5,1.9,1.6,14.4,-2.6
102,백령도,2022-04-09,11,9.1,15.1,,8.1,160,5.6,140,59,1142,77.4,10.1,1012.2,1009.2,1010.7,.8,0,17.2,7.2
102,백령도,2022-04-10,11.8,8.8,13.6,,7.8,160,5.9,140,67,1445,78.9,10.8,1015.2,1011.3,1013.1,1.6,0,17.4,7.3
102,백령도,2022-04-11,12,10.8,13.7,,9.9,160,6.4,160,73,1049,87.9,12.3,1013.3,1007.9,1010.7,8.1,5.8,15.2,9.1
102,백령도,2022-04-12,9.7,7.6,11.5,2.3,8.1,160,3.7,160,87,2357,95.6,11.5,1012.1,1007.8,1010,9.5,8.3,11.1,6.6
102,백령도,2022-04-13,11.7,8.8,16.7,,7,340,3,340,48,1559,69.9,9.5,1016.6,1011.4,1013.6,6.4,5.1,16.9,7.2
102,백령도,2022-04-14,11,8.3,16,,5.7,320,3.5,90,34,1233,52.9,6.8,1020.4,1015.7,1018,7.9,3.5,16.4,4.5
102,백령도,2022-04-15,8.9,6.6,11,,7.9,320,4.4,320,49,2316,65.3,7.4,1020.3,1017,1018.7,.9,0,15,3.4
102,백령도,2022-04-16,10.1,6.3,13.6,,7.3,290,4.1,290,31,900,51.4,6.3,1019.5,1015.2,1017.5,.4,0,17,2.4
102,백령도,2022-04-17,12.1,6.6,17.2,,6.3,270,3,270,24,1529,47.1,6.5,1018.5,1015.7,1016.9,3,0,18.9,-.3
102,백령도,2022-04-18,12.7,8.3,17.7,,6.4,290,2.6,290,22,1122,51.4,7.3,1017.6,1015.1,1016.4,3.9,0,18.4,2.3
102,백령도,2022-04-19,12.3,7.1,18.2,,4.9,320,2.4,200,14,1722,58.6,7.9,1017.5,1014.6,1016,.1,0,20.3,-.7
102,백령도,2022-04-20,11.6,7.8,14.7,,6.3,160,3.7,160,58,2346,77.3,10.4,1015.9,1011.7,1013.7,.8,.8,19.7,4.6
102,백령도,2022-04-21,11.9,9.4,14.4,,8.9,160,5.5,160,48,116,78.3,10.9,1012.3,1006.3,1008.4,1.6,.3,18.7,6.6
102,백령도,2022-04-22,10.8,7.8,15,,8.6,200,4.7,200,67,1623,82.5,10.7,1012.7,1005.6,1008.8,7.9,3.1,17.3,.1
102,백령도,2022-04-23,10.7,6.2,17,,6.6,160,2.8,180,27,1558,69.6,8.6,1014.1,1008.4,1011.3,1.9,1.6,19.2,-2.7
102,백령도,2022-04-24,10.3,6.1,12.5,,8.1,160,4.4,140,89,1406,96.1,12.1,1010.7,1008.2,1009.7,10,10,13.7,5
102,백령도,2022-04-25,13.3,10.4,16.8,,6.6,160,3.9,140,82,2059,92,14,1012.2,1005.4,1009.4,9.5,6.5,16.2,10.1
102,백령도,2022-04-26,13.5,9.8,19.1,,9.4,360,3.9,320,26,2357,79,12.1,1012.2,1002.2,1005.2,5.1,5,21.3,7.8
102,백령도,2022-04-27,10.6,8.8,13.7,,10.9,360,6.1,340,25,6,52.4,6.6,1018.5,1012.2,1016.6,0,0,17.7,7.1
102,백령도,2022-04-28,11,8.3,16.2,0,8.6,340,4.1,340,24,925,63.3,8.1,1018.7,1015.1,1016.7,7,3.9,18.2,6
102,백령도,2022-04-29,9.8,7.5,13.2,1.4,6.7,290,2.4,290,75,1556,89.1,10.7,1019.6,1013.9,1016.6,8.4,5.8,14.6,4.4
102,백령도,2022-04-30,9.8,6.2,12.9,,6.2,290,3.3,290,46,2030,75.8,9,1019.7,1015.4,1017.5,5.8,.4,12.9,1.2
102,백령도,2022-05-01,11.8,8.3,16.3,,10.7,250,5.9,250,25,724,56.9,7.5,1016.5,1009.1,1011.8,2,.8,17.4,4.5
102,백령도,2022-05-02,11.1,7.3,14.3,,7,320,3.6,320,19,2354,45.8,5.9,1016.7,1011.9,1014.4,0,0,18.3,-1.8
102,백령도,2022-05-03,13.1,8.3,16.8,,9.1,200,5.5,200,19,3,50.5,7.5,1017.9,1015.1,1016.5,.1,0,19.9,2.2
102,백령도,2022-05-04,14,10.8,17,,7.7,160,5,160,61,1443,70.6,11.2,1016.5,1013.9,1015.3,0,0,22.4,7.5
102,백령도,2022-05-05,13.2,11,16.1,,8.7,160,5.2,160,64,1317,78.6,11.8,1018.4,1014.4,1016.3,.3,.3,22.3,6.7
102,백령도,2022-05-06,12.8,9.8,16.4,,6.2,160,3.2,160,77,1301,93,13.7,1016.4,1013.9,1015.2,9.5,8.8,18.7,8.1
102,백령도,2022-05-07,11.3,9.6,14.6,,10.4,360,5.6,320,41,1210,64.3,8.5,1020.6,1015.8,1019,7,2,21.2,8.1
102,백령도,2022-05-08,12.5,10.1,15.8,0,5.1,340,3,90,36,606,59.9,8.4,1019.9,1017.1,1018.5,8.5,5.5,15,9
102,백령도,2022-05-09,12,8.5,16.1,,7,320,3.6,320,45,2348,67.5,9.3,1020.3,1016.7,1018.3,3.3,0,23,2.7
102,백령도,2022-05-10,13.8,9.9,20.4,0,5.5,180,2.5,290,35,1323,63.8,9.9,1017,1014,1015.6,8.6,3.6,20.1,4.5
102,백령도,2022-05-11,13.1,10,15.9,,5.6,320,2.6,320,57,822,73.3,10.8,1016.6,1014.5,1015.5,8,4.4,21.6,6.1
102,백령도,2022-05-12,13.1,9.1,17.6,,7,340,3.7,340,48,2228,69,10.3,1015.6,1010.3,1012.2,6.4,4.4,21.3,3.9
102,백령도,2022-05-13,12.3,10.6,15.9,,7.9,320,4.4,290,48,119,73,10.4,1011.1,1007.1,1009.2,6.1,3,17.6,6.5
102,백령도,2022-05-14,12.2,9.7,15.5,,7.1,290,5,290,31,1622,65.8,9.2,1016.4,1009.6,1013.2,3.8,0,22.8,6.9
102,백령도,2022-05-15,14,8.8,19.7,,8.2,230,5,290,11,1225,50.3,7.3,1016.3,1010.7,1013.5,1,0,23.3,4.5
102,백령도,2022-05-16,15,11.7,18.3,,8.2,250,3.7,180,50,1746,70.6,11.8,1011.4,1006.7,1008.7,2.8,.1,25.6,5.4
102,백령도,2022-05-17,14.6,11.3,18.9,,7.1,140,4.7,140,64,1252,85.4,14,1012,1009.5,1010.5,4.6,4.6,23.3,5.4
102,백령도,2022-05-18,15.1,12.2,19.6,,8.7,160,4,140,62,1322,80,13.5,1014.3,1009.9,1012,5.8,1.4,23.8,7.5
102,백령도,2022-05-19,14.9,11.5,19.6,,5.8,160,3.6,110,57,1300,82.6,13.7,1014.9,1012.2,1013.7,6.8,1,24,8.1
102,백령도,2022-05-20,14.8,12.2,18.5,.5,7.2,140,3.6,180,72,1311,88.4,14.8,1013.5,1009.7,1011.6,9.1,6.9,22.4,10.3
102,백령도,2022-05-21,14,12.4,16.1,,5.2,160,2.7,140,84,1205,93.9,14.9,1010.4,1005.9,1008.1,10,10,21.4,12.6
102,백령도,2022-05-22,15.2,12.4,20.8,,4.9,140,2.9,140,63,1527,87.6,15,1008.3,1004.9,1006.2,4.1,4.1,26,10.9
102,백령도,2022-05-23,15.5,12.8,19.6,,5.5,160,3,140,60,2359,83.8,14.6,1013.2,1007.8,1010.6,4.9,3.3,23.8,9.2
102,백령도,2022-05-24,17.7,14.3,19.9,,6.4,180,3.5,180,57,12,77.1,15.5,1014.3,1010.6,1012.6,4,0,27.2,8
102,백령도,2022-05-25,14.6,12.3,17.8,2.3,7.2,180,4,290,74,2354,91.6,15.2,1011.7,1005.4,1007.8,7.4,6.9,17.3,9.3
102,백령도,2022-05-26,16.7,12.8,21.6,,9.1,250,5.6,250,33,1422,65.1,12,1006.6,999.6,1002.3,3.9,2.8,23.9,9.2
102,백령도,2022-05-27,16.9,12.6,22.9,,5.3,200,3.3,290,34,1453,66.9,12.3,1001.7,999,1000.5,1.6,1.1,29.3,8.4
102,백령도,2022-05-28,16.7,12.8,21.8,,7.5,180,4.7,160,62,1537,86.5,16.1,1003.9,1000.6,1002.3,5.5,5,26.5,9.8
102,백령도,2022-05-29,16.6,14.8,19.5,,8.2,160,4.3,160,76,1609,90.9,17.1,1004,1002.3,1003.2,9.4,8.5,20.8,13.1
102,백령도,2022-05-30,16.3,14,18.5,2.3,6.9,320,3.1,290,47,1543,79.8,14.6,1005.1,1001.3,1002.8,5,4.4,23.2,11.6
102,백령도,2022-05-31,17.1,12.2,21.3,0,8,180,4.3,160,40,941,64.4,12.2,1007.7,1003.9,1005.1,2.9,1.5,23.9,7
102,백령도,2022-06-01,18.3,15,21.7,.1,7.4,160,3.1,180,57,1349,73.4,15.3,1007.4,1002.4,1004.3,4.5,3.6,29.4,12.1
102,백령도,2022-06-02,17.6,15.1,22.2,,6.5,160,2.8,160,62,1350,82,16.3,1007.5,1004,1006.1,6.5,5.6,30.1,12.1
102,백령도,2022-06-03,17.4,15.5,19.5,,7.4,140,3.9,140,77,1149,89,17.6,1009.5,1006.9,1008.3,9,9,23.1,11.1
102,백령도,2022-06-04,18,15.9,21.3,,6.7,160,4,140,69,1540,86.3,17.6,1010.3,1004.7,1008,9.4,6.8,23.2,14
102,백령도,2022-06-05,18.3,15,21.6,0,3.6,180,1.5,180,54,1648,77.5,16.1,1005.2,999.6,1001.8,7.8,4.9,22.7,10.8
102,백령도,2022-06-06,18.3,14.3,21.9,,5.8,180,3.1,340,48,1457,72.4,14.9,1004.6,999.1,1001.5,6.3,4.8,30.8,10.6
102,백령도,2022-06-07,15.8,14.2,19.3,.2,5.4,340,2.9,90,55,1149,69.3,12.3,1009.1,1004.4,1007,8.5,6.3,20.1,12
102,백령도,2022-06-08,17.3,13.4,21.1,,5.9,140,2.8,90,58,1114,79.5,15.6,1011.6,1008.8,1010.1,4.3,2.4,29.1,7.4
102,백령도,2022-06-09,18.1,15.6,21.2,3.1,6.3,180,3.3,180,71,1430,88.5,18.3,1012.8,1010.2,1011.6,7.4,6.9,23.8,15.2
102,백령도,2022-06-10,16.6,15.3,18.3,5.6,10,160,3.3,140,73,1518,91.1,17.2,1015.1,1011.1,1012.7,10,8.3,17.6,14.3
102,백령도,2022-06-11,19.6,15.2,24.8,.1,4.4,320,2.1,320,48,1208,72.8,16.2,1014,1010.1,1012.2,4.8,3.5,26.5,14.1
102,백령도,2022-06-12,19.8,16.7,23.5,,7,160,3,110,53,1308,75.3,17.2,1012.3,1009.4,1010.7,6.1,0,28.3,13.1
102,백령도,2022-06-13,18.7,15.8,24.4,1.3,5.3,110,2.4,110,61,1550,85.9,18.3,1009.9,1005.5,1007.7,8,6.9,23.4,12.9
102,백령도,2022-06-14,19.5,15.5,24.4,4.6,8.1,140,4.9,110,39,1500,63.4,13.8,1007.9,1005.6,1006.9,8.6,6.4,27.1,14.3
102,백령도,2022-06-15,15.6,13.9,19.2,10.7,5.3,320,3.6,90,68,1641,86.3,15.2,1006.6,1004.6,1005.4,8,6,19.6,12.6
102,백령도,2022-06-16,18.7,13.4,23.1,,5.3,160,2.7,180,40,1446,77.4,16.2,1008,1005.7,1006.9,2.3,1.1,26.7,9.5
102,백령도,2022-06-17,18.2,15.7,20.8,.5,7,140,4.3,140,79,1043,93,19.3,1007.3,1004.6,1005.9,9,8.6,20.5,14.3
102,백령도,2022-06-18,18.8,17.3,21.1,2,6.8,160,4.4,140,87,1515,95.1,20.6,1006.6,1004.1,1005.2,10,10,21.6,18.3
102,백령도,2022-06-19,19.6,18,22.6,1.8,6,160,2.9,160,83,1436,94.9,21.6,1006.8,1004.8,1005.9,9.8,9.8,22.9,18.7
102,백령도,2022-06-20,19.8,18.3,23.2,1.8,3.8,160,2.3,180,80,1432,94.6,21.8,1005.7,1002.5,1003.7,9.8,9.8,24.1,19.2
102,백령도,2022-06-21,20.3,18.5,22.8,1,3.5,180,1.4,180,81,1248,92,21.8,1004.8,1002.3,1003.4,9,9,24.2,17.8
102,백령도,2022-06-22,20.6,18.1,23.2,,7.8,160,3.5,160,79,1357,90.9,21.9,1006.8,1003.8,1005.4,9.5,9.5,26.2,19
102,백령도,2022-06-23,20.5,18.1,23,52.4,8.3,140,5.8,140,92,35,95.6,23.1,1004.2,992.2,996.7,9.9,8.5,21,18.6
102,백령도,2022-06-24,23.1,18.6,26.3,.2,7.9,230,4.8,230,47,2311,72,20,999.3,993.2,996,2.8,2.8,25,15
102,백령도,2022-06-25,20.9,17.7,23.3,.1,8.6,160,4.8,140,51,3,91.5,22.5,1002.9,998.4,1000.9,8.8,8.8,22.4,13.4
102,백령도,2022-06-26,21.7,19.5,23.4,,10.8,200,5.5,140,89,1423,95.1,24.6,1007.4,1001,1004.3,10,10,23.9,21.1
102,백령도,2022-06-27,21.7,19.6,23.4,51.8,11.4,180,6.6,140,93,250,95,24.7,1007.3,998,1001.9,10,8.8,21.6,20.6
102,백령도,2022-06-28,22.3,21.7,23.3,68.8,11,200,6.7,200,93,1634,95.5,25.7,999.4,995.9,997.7,10,8,22.2,21.9
102,백령도,2022-06-29,21.9,20.1,25.5,13.7,10.2,180,4.2,200,79,1337,95.4,24.9,1005.5,995.3,1001.5,10,9.5,24,21.5
102,백령도,2022-06-30,21.4,20.1,22.5,0,6.1,140,3.3,160,97,1159,97.9,24.8,1010,1004.4,1007,10,10,23,21.1
102,백령도,2022-07-01,22.3,20.5,23.5,2.1,9.1,160,4.8,180,86,1301,96.4,25.8,1012.5,1009.4,1011.2,10,8.6,23.1,21.2
102,백령도,2022-07-02,21.6,19,24.7,,5.6,160,2.9,140,79,1529,92.5,23.8,1014.3,1009.8,1011.7,8.9,8.3,24,18.5
102,백령도,2022-07-03,22.7,19.2,26.3,,4.6,320,1.8,290,68,1157,82.9,22.5,1011,1006.1,1008.3,5.8,2.6,27.9,17.8
102,백령도,2022-07-04,23.8,21.6,28,,3.1,180,1.5,290,60,1431,79.9,23.4,1006.5,1003.5,1004.8,8.3,1.1,27.1,19.6
102,백령도,2022-07-05,25.9,20.4,30.3,0,3.1,360,1.6,290,51,1554,69,22.5,1005.1,1003.2,1004.2,3.8,1.3,33.7,21.3
102,백령도,2022-07-06,24.1,20.8,27.1,,9,160,5,140,71,1025,84.8,25.4,1005.6,1003,1004.2,8.6,3.5,28.9,20.2
102,백령도,2022-07-07,23.4,21.9,25.1,11.4,11.5,160,6.6,180,87,3,92.8,26.6,1003.5,999.8,1001,9.8,8.4,24.5,21.7
102,백령도,2022-07-08,22.6,20.9,26,2.9,6.4,230,3.7,290,78,1538,91.9,25.1,1002.1,1000.3,1001.2,8,6.1,27.2,19.1
102,백령도,2022-07-09,23.5,19.6,28.3,,3.7,180,1.8,180,61,1546,86.8,24.9,1002.9,1000.6,1001.7,5.5,3,28.7,18.7
102,백령도,2022-07-10,23.4,21.2,26.9,,5.5,160,2.2,160,80,1355,92.8,26.5,1004.8,1001.8,1003.6,9.8,8.6,28.6,22.3
102,백령도,2022-07-11,23.9,21.7,27.7,,4.2,320,1.9,290,62,951,80.5,23.7,1007.1,1003.4,1004.9,3.1,1.6,33.9,21
102,백령도,2022-07-12,23.3,21.3,24.5,.7,7.7,140,3.8,110,73,443,84,23.9,1007.8,1003.4,1005.7,9.1,5,25.7,20.7
102,백령도,2022-07-13,23.4,21.5,25.3,155.6,11.4,160,5.6,140,87,1513,94.4,27,1004.6,995.9,998.4,9.6,8.6,25.3,22
102,백령도,2022-07-14,21.9,19.5,25.2,.3,6.7,290,3.9,320,75,1300,90.8,23.7,1000.9,997.8,999.9,6.4,4.8,28.1,19.2
102,백령도,2022-07-15,23.3,21.1,27.1,0,5.1,230,2.4,290,70,1507,87.4,24.9,1000.6,996.7,998.7,5.4,4.8,27.6,20.7
102,백령도,2022-07-16,23.2,21.2,26.2,,5.2,290,3.2,320,74,1105,91.3,25.8,999.4,996.1,997.7,4.6,.4,29.6,20.3
102,백령도,2022-07-17,24.2,21,27.1,,4.6,180,1.8,180,68,1011,87.3,26,1000.2,997.8,999.1,4.8,.5,29.1,19
102,백령도,2022-07-18,23.7,20.9,28.9,,4.3,320,2.4,290,54,1258,89.8,26.1,999.5,997.2,998.5,5.5,2.8,30.2,20.1
102,백령도,2022-07-19,24.8,21.9,28.4,,5.2,290,2.8,290,66,1449,84.9,26.2,1004.5,999,1001.8,7.8,3,32.3,22.6
102,백령도,2022-07-20,23.9,20.3,28.1,3.9,4.2,250,1.5,230,68,123,88.9,26.3,1006,1003.7,1005,9.6,4.6,27.6,21.1
102,백령도,2022-07-21,22.4,19.7,25.2,4.7,8.3,320,4.3,320,73,1019,88.8,23.9,1004.8,1001.7,1003.2,4.8,1,27.8,19.8
102,백령도,2022-07-22,23.9,21.7,27,,5.3,320,3.2,290,74,1434,88.4,26.1,1005.3,1004.2,1004.6,3,1.4,30,20.3
102,백령도,2022-07-23,21.9,20.2,24.2,22.6,6.2,140,3.6,140,88,1200,95.9,25,1005.2,999.5,1002.3,9.8,7.1,24.2,20.3
102,백령도,2022-07-24,22.4,20.2,25.1,10.9,7.4,50,3.9,340,75,1333,91.3,24.5,1005.8,998.8,1002.2,3.3,2.8,27.8,19.2
102,백령도,2022-07-25,24.4,20.5,27.7,,4.2,180,1.6,180,72,1218,89,27,1009.4,1005.7,1008.2,0,0,28.2,18.2
102,백령도,2022-07-26,24.7,21.5,29.3,,4,180,1.8,180,65,1500,87.4,26.7,1009.5,1007.3,1008.4,5.4,1.4,29.2,20.5
102,백령도,2022-07-27,24.8,22.4,28.5,0,4.1,180,2.1,110,71,1408,89.1,27.6,1009.2,1007,1008.1,8,4.8,28.4,22.2
102,백령도,2022-07-28,25.1,22.8,27.2,.5,7.7,140,4.5,140,75,1144,85.4,27,1010,1007.8,1008.6,7.6,5.6,26.8,23.3
102,백령도,2022-07-29,25.6,23.3,28.1,.8,5.9,160,3.4,140,80,1629,88.5,28.9,1011.5,1009.2,1010.4,6.3,4.6,27.8,22.7
102,백령도,2022-07-30,27.1,23,32,11.6,5,20,2.1,320,54,1415,82.1,29,1010.5,1006,1008.1,6.5,3.9,29.8,23.2
102,백령도,2022-07-31,24.9,23.5,27.8,27,6.4,140,2.8,70,81,1329,94.9,29.6,1007.1,1002.4,1004.4,10,7,26.2,24.1
102,백령도,2022-08-01,25.3,23.4,27.5,21.7,7.3,160,3.3,140,88,1806,96.1,30.8,1004.3,1002.3,1003.4,9.3,6.8,26.1,24.1
102,백령도,2022-08-02,25.8,23.5,28.4,6.1,3.4,250,1.5,290,83,1647,95.1,31.5,1007.8,1003.4,1005.5,7.9,6.9,28.1,24.6
102,백령도,2022-08-03,26.8,25.1,29.8,0,4.3,250,2.3,230,75,1515,91,31.8,1009.4,1007.3,1008.4,7.8,7.4,29.5,24.8
102,백령도,2022-08-04,26.3,23.5,29.2,,5.1,160,2.7,180,82,1248,93.6,32,1009.7,1006,1007.9,6.6,6.5,30.1,24.5
102,백령도,2022-08-05,26.6,24.7,29.9,0,5.2,200,2.2,180,76,1240,92.3,31.9,1006.1,1002.5,1004.3,7.4,6.9,30.3,25.1
102,백령도,2022-08-06,26.7,24.1,30.2,,6.1,160,2.8,140,83,1417,96.4,33.7,1004.8,1002.5,1003.8,7.6,7.6,29.6,25.3
102,백령도,2022-08-07,27,25,28.4,13.1,10.1,250,4.1,200,90,1017,95.8,33.9,1004.8,1001.1,1002.7,9.9,8.3,28.5,24.7
102,백령도,2022-08-08,26.2,24.6,28.8,16.6,7.9,230,3.6,290,79,1141,94.9,32.2,1005.1,1001.6,1003.4,9.6,7,27.8,24.3
102,백령도,2022-08-09,22.1,20,25,11,6.2,340,2,340,81,506,93.1,24.7,1006.4,1003.9,1005,9.6,7,24.8,19.7
102,백령도,2022-08-10,22.2,19.8,25.5,,3.9,320,2.1,290,45,2348,77,20.5,1006.6,1004,1005.3,4.8,3,28.7,18
102,백령도,2022-08-11,22.8,19.7,27.5,,4.2,320,1.7,290,50,5,75.3,20.8,1005,1002.6,1003.5,3.5,2.9,27.9,16.1
102,백령도,2022-08-12,23.8,19.8,28,,3.5,320,1.5,340,56,1553,79,23.1,1006.9,1004.3,1005.4,1.8,.3,28.4,15.6
102,백령도,2022-08-13,23.3,21.2,26.2,26.7,6.7,160,2.6,90,86,1546,95.9,27.4,1005.1,1002.1,1003.7,7.1,5.8,25.3,19.8
102,백령도,2022-08-14,24.6,22.1,26.8,0,6.3,160,3.4,140,86,1015,95.6,29.5,1005.3,1000.7,1003.3,7.5,5.8,26.7,20.7
102,백령도,2022-08-15,26,22.3,28.2,2,10.2,250,6.1,200,87,1035,90.9,30.6,1000.7,994.4,997.3,9.3,6.6,26.8,21.5
102,백령도,2022-08-16,22.6,20.1,25.5,,7.2,340,3.6,340,71,1829,83.9,22.8,1004.9,999.8,1003.1,1.1,.3,27.9,17.7
102,백령도,2022-08-17,23.3,20.1,26.9,,5,290,2,290,59,1407,79.3,22.3,1006.3,1004.6,1005.4,1.3,.3,28.3,17.2
102,백령도,2022-08-18,23.8,21,27,,4.2,160,2,110,73,1340,87.4,25.7,1007.3,1004.6,1006.2,6,3.8,27.8,18.5
102,백령도,2022-08-19,25.2,23.5,28.1,32.8,7,160,4.6,160,82,126,90.5,28.9,1004.6,997.2,999.7,9.6,5.9,25.4,22.7
102,백령도,2022-08-20,22.9,20.6,25,,9.5,340,5.3,340,62,1714,81.1,22.4,1003.6,1000,1002.5,.6,.4,27,18.2
102,백령도,2022-08-21,23.7,20,29,,4.1,320,2,320,41,1331,73.4,20.9,1005.8,1003,1004,1.6,0,27.6,17.7
102,백령도,2022-08-22,23,21.1,26.5,7.9,4.9,180,2.5,180,63,1700,88.8,24.8,1004.2,1000.8,1002.4,8.6,6.4,24.7,19.2
102,백령도,2022-08-23,23.5,21.3,28,.1,10.8,340,6.5,360,53,949,69.3,19.9,1008.4,1004.1,1006.9,2.6,1.1,26.2,18.1
102,백령도,2022-08-24,24,20.3,31.6,,6.9,340,3.6,340,43,1131,68.1,20.2,1009,1006.2,1007.4,3.9,.9,26,17.8
102,백령도,2022-08-25,21.7,18.3,23.8,0,6.4,250,2.8,250,61,1420,79.6,20.6,1007.6,1005.9,1006.8,8.1,1.5,22.2,-9.6
102,백령도,2022-08-26,23.3,21,26.1,.1,8.8,340,3.5,250,64,1449,77.5,22.1,1008.3,1004.6,1006.1,4.3,2.3,27.7,18.3
102,백령도,2022-08-27,,,,,10.3,340,6.6,340,41,655,57.9,14,1013.6,1008.1,1011.1,1.3,.6,,
102,백령도,2022-08-28,20.9,17.9,24.5,0,4.2,90,2,90,35,1505,69.1,16.6,1015.5,1013.1,1014,6.1,1.6,28.3,13.1
112,인천,2022-02-28,5.6,2.1,10,,4.1,230,2.5,200,35,1633,65.1,5.8,1023.9,1016.1,1020.5,5.3,2.4,3.3,-1.3
112,인천,2022-03-01,4.8,-.1,8.2,4.3,6,270,3,290,52,47,73.4,6.4,1018.6,1013,1015,5.5,4.4,5.7,-1.9
112,인천,2022-03-02,3,-1,6.4,,6.1,200,3,230,34,1057,64.4,4.9,1019.7,1016.4,1017.8,0,0,3,-7
112,인천,2022-03-03,5.1,1.4,9.4,,5.1,250,2.5,230,29,1311,62.9,5.4,1019.4,1017,1017.9,0,0,4.1,-5.3
112,인천,2022-03-04,6.4,2.8,12.7,,11.1,200,4.8,160,42,1435,67.4,6.4,1017.5,1006.3,1011.3,4.8,4.4,3.7,-4.4
112,인천,2022-03-05,2,0,5.2,,8.2,290,4.9,290,23,1150,36.8,2.6,1020.2,1010.2,1016.4,0,0,2.9,-2.3
112,인천,2022-03-06,1.3,-.9,4.8,,6.7,290,4.1,320,22,1226,38.9,2.6,1024.1,1020,1022.2,1.1,0,2.7,-5.9
112,인천,2022-03-07,2.1,-1.9,6.7,,3.8,250,2.2,230,20,1356,44.8,3.1,1022.8,1019.5,1020.8,6.1,3,2.9,-7.2
112,인천,2022-03-08,4.9,1.4,9.4,,4.4,230,2,140,49,55,61.6,5.4,1020.2,1018.3,1019.4,4.6,3.6,5.9,-5
112,인천,2022-03-09,5.8,3.2,11,,3.8,230,2.1,320,57,1457,77.1,7,1024,1019.8,1022,4,3,8.3,-2.9
112,인천,2022-03-10,7.3,2.9,12.6,,4.7,230,2.1,200,30,1314,63,6.2,1022.2,1019.3,1020.6,7.4,0,7.7,-2.1
112,인천,2022-03-11,10.1,5.1,16.1,0,3.8,320,1.9,340,48,1314,65.9,8.1,1020.3,1016.4,1018.2,6.3,2.8,9.3,-.7
112,인천,2022-03-12,11,6.8,16.8,2.5,6.1,200,2.6,200,54,1213,77.1,10.1,1018,1011.1,1014.7,6.9,4.8,10.5,.5
112,인천,2022-03-13,10,8.4,11.8,32.8,7.8,180,2.4,250,90,1606,95.5,11.7,1013.8,1009.3,1010.9,8.6,8.4,10.5,6
112,인천,2022-03-14,6.8,3.5,11.5,6.4,9.1,250,3.5,230,83,2158,91.6,9.1,1013.9,1009.1,1011.7,7.3,7.3,7.2,1
112,인천,2022-03-15,5.1,1.6,9.4,,4.3,250,2.3,230,58,1419,76.4,6.7,1016.4,1012,1014.4,2.9,.5,7.6,-1.8
112,인천,2022-03-16,8,3,13.2,,5.5,340,2,320,50,1335,69.9,7.4,1020,1013.6,1017,4.5,0,9.3,-.9
112,인천,2022-03-17,9.4,6.8,13.4,.1,6.9,90,3.1,50,46,1454,62.8,7.3,1021.1,1016.8,1018.8,9.9,7.6,8.9,6
112,인천,2022-03-18,7.8,6.4,9.3,0,7,70,4.7,90,49,1645,55.8,5.9,1016.8,1007.7,1010.6,9.6,8.4,7.1,5.6
112,인천,2022-03-19,3.6,1.5,6.4,12,5.4,70,2.9,110,54,1,83.3,6.5,1015.5,1004.2,1009,8.5,6.9,4.3,-.2
112,인천,2022-03-20,4.5,1.9,7.3,,5.6,270,3.1,250,42,1518,64.4,5.4,1022.9,1015.5,1019,5.5,3.3,6.8,.1
112,인천,2022-03-21,4.2,.4,8.3,,5.4,340,3,290,28,1515,47.5,3.9,1026.1,1022.4,1024.1,7.3,.3,4.3,-2.3
112,인천,2022-03-22,5.9,2.2,10.6,,5.1,320,3.3,290,40,1435,53.4,5,1024.9,1019.9,1022.3,1.9,0,7.3,-.2
112,인천,2022-03-23,5.1,4.1,6,0,4.2,250,2.2,200,42,1246,59.9,5.3,1020.6,1016.7,1018.4,8.3,3.5,5.3,1.7
112,인천,2022-03-24,7.2,3.9,10.5,,4.8,200,2.8,160,62,1,71.8,7.3,1021.5,1017,1019.4,7.8,5.1,6.3,1
112,인천,2022-03-25,12.3,7.4,17.2,9.3,7,90,3.4,140,47,1237,62.5,8.9,1021.8,1001.6,1014,8.8,4.9,9.7,2.4
112,인천,2022-03-26,10.2,7.2,14.4,17.2,7.8,140,4.3,290,50,2121,80.5,10,1011.8,995.1,1002.5,8.5,5.1,11.6,5.7
112,인천,2022-03-27,7.3,4.7,11,0,9.1,320,3.9,320,23,1710,52.1,5.2,1022.7,1011.8,1016.4,.3,0,8,1.7
112,인천,2022-03-28,6.8,2.7,11.7,,4.6,320,2.4,250,25,1629,39.3,3.8,1027.6,1022.5,1026,.8,0,7.3,-3.3
112,인천,2022-03-29,9.3,3.2,14.1,,4.3,230,2.3,160,36,1041,53.8,6.3,1027.3,1022.3,1024.5,1.1,.5,9.4,-2.3
112,인천,2022-03-30,10.4,7.3,16,0,5.3,180,2.2,140,49,1128,72.9,9.1,1022.6,1016.9,1020.6,7.1,6.1,9.2,1.7
112,인천,2022-03-31,10.1,7,13.4,,6.6,320,3.2,320,51,2048,70.1,8.5,1027.7,1020.9,1024.1,7.3,3.5,11.2,5
112,인천,2022-04-01,8.1,4.8,12.4,,5.7,230,2.8,250,23,1546,59.8,6.3,1030.7,1027.5,1028.9,1,.1,9.8,.8
112,인천,2022-04-02,6.8,3.6,11.4,,6.6,250,2.4,230,35,1219,63,6.1,1028.8,1026,1027.6,.8,0,8.5,-2.6
112,인천,2022-04-03,8.5,4.1,14.1,,5.4,250,2.1,250,32,1103,57,6.1,1029.7,1026.5,1028.2,0,0,9.4,-2.1
112,인천,2022-04-04,8.8,5.2,14.2,,5.4,200,2.5,230,30,1336,62.9,6.9,1029.7,1026,1027.9,0,0,10.3,.3
112,인천,2022-04-05,8.9,4.9,13.5,,5.1,230,2.7,230,26,1523,50.5,5.5,1026.6,1020.1,1022.6,6.8,1.3,9.6,-1.7
112,인천,2022-04-06,10.2,7.6,14.9,,4.5,320,2.3,250,30,1608,55.1,6.7,1023.7,1019.3,1021.2,5.5,3.5,12.4,5.3
112,인천,2022-04-07,9.2,6.8,12.8,,6.7,230,3.5,230,21,1647,52.4,6,1020.4,1016.5,1018.3,2.3,1.5,12.1,3.5
112,인천,2022-04-08,11.7,5.8,16.5,,4.6,230,2.5,180,24,1450,49,6.3,1022.1,1015.3,1018.8,.3,.3,12.8,1
112,인천,2022-04-09,16.3,13.2,20.1,0,8.1,200,4.9,160,36,1,44.8,8.3,1015.7,1013,1014.4,1.6,1.3,15.3,10.7
112,인천,2022-04-10,16.7,13.7,21.5,,6,180,3.2,160,37,1319,50.6,9.5,1018,1014.8,1016.3,1.8,.3,17,8.1
112,인천,2022-04-11,18.5,14.3,23.1,,4.4,250,2.6,230,50,943,65.4,13.7,1016.2,1010,1012.8,2.8,2.8,19.5,9.1
112,인천,2022-04-12,15.6,11.6,20.7,1.7,6.9,270,2.7,180,68,1303,85.9,15.2,1012.2,1008.6,1010.8,8.8,7.8,19.5,11.5
112,인천,2022-04-13,11.8,11,13.3,1.5,10.7,90,4.7,90,51,1423,70.5,9.8,1017,1010.9,1013.9,10,7.9,12.8,10.3
112,인천,2022-04-14,12.4,10.9,15.2,,7.7,90,4.1,90,46,1447,50.1,7.2,1020.5,1015.8,1018,9.3,6.3,14.2,5.9
112,인천,2022-04-15,12,7.8,16.2,,8,50,2.9,50,36,1149,49.9,6.9,1020.4,1015,1017.9,1.6,0,15.6,3.2
112,인천,2022-04-16,11.1,7.6,16.6,,5.5,250,2.9,230,25,1243,58.5,7.4,1019.7,1016.1,1017.9,.9,0,15,3.5
112,인천,2022-04-17,10.7,7,15.4,,5.5,230,2.9,230,42,1314,69.3,8.7,1019.7,1017,1018.4,1.9,0,16.7,3.3
112,인천,2022-04-18,12.3,9.7,16.8,,5.4,200,3.2,200,35,1324,56.4,7.9,1019.4,1016.6,1017.9,5.6,.9,16,6.2
112,인천,2022-04-19,11.9,8.5,16.8,,4.9,230,2.8,200,47,1409,70.8,9.7,1018.7,1016.2,1017.6,0,0,16.5,3
112,인천,2022-04-20,12.9,9.1,18.1,,4.6,200,2.7,200,40,1046,58,8.4,1018,1013.9,1016.1,0,0,18.6,3.6
112,인천,2022-04-21,14.3,10.3,19.4,,6.9,230,3.8,200,21,1101,48,7.6,1015,1010,1011.7,3.6,2,17.8,4.9
112,인천,2022-04-22,12.5,9.5,14.4,,7.7,200,4.4,180,59,30,80.5,11.5,1013.2,1009.2,1010.6,8.5,7.6,13.4,9.3
112,인천,2022-04-23,14.7,9,21.6,,3.8,290,2,320,38,1614,71.1,11.5,1015.3,1009.1,1012.1,6.4,2.5,20.2,3.3
112,인천,2022-04-24,15.5,12.3,19.8,.1,4.6,270,2.3,200,63,1348,80.3,14,1012.5,1009.8,1011.5,7.5,7.4,21.2,8.7
112,인천,2022-04-25,18.3,15.1,21.6,.5,4.6,180,1.7,320,65,1308,80,16.7,1013.7,1005.9,1010.6,9.8,6.8,20.5,14.6
112,인천,2022-04-26,19.9,16.3,25.2,.3,8.1,320,3.9,290,37,2352,60.1,13.9,1009.8,999.7,1003.5,5.1,2.4,24,14.1
112,인천,2022-04-27,15.4,12.2,20.3,,7.5,320,3.8,320,22,1203,37.8,6.4,1017.6,1009.8,1014.9,0,0,20.9,8.2
112,인천,2022-04-28,16,11.1,21.8,0,5.5,250,2.5,270,32,1322,46,8.3,1018.5,1013.9,1016,6.1,2.9,21.7,7.2
112,인천,2022-04-29,12.9,10.2,16,17,6.1,70,3.2,70,52,1237,68.9,10.1,1020.1,1013.9,1016.4,8.8,7.9,15.1,7.9
112,인천,2022-04-30,12.1,10.1,16,,7.7,250,3.2,270,54,1027,65.8,9.3,1020,1015.3,1017.6,7.9,5,14.1,6.3
112,인천,2022-05-01,11.9,8.3,16,,6.1,200,3.1,200,39,1225,63.5,8.7,1016.8,1011,1013.2,1.1,1.1,17,2.4
112,인천,2022-05-02,13.3,9,17.2,,7.3,250,2.7,230,30,1444,59.6,8.7,1016.9,1012.1,1013.8,.8,.8,18.2,2.7
112,인천,2022-05-03,13.1,9,17.3,,5,230,2.7,200,28,1423,48.1,7.1,1020.4,1016.9,1019.1,.6,0,19.5,2.7
112,인천,2022-05-04,16.3,11.3,21.5,,5.9,200,3.5,160,30,1021,42.1,7.8,1019.6,1017.4,1018.7,0,0,19.1,6.3
112,인천,2022-05-05,17.2,13.3,21.8,,4.6,200,2.7,160,37,743,51.9,10.2,1021,1016.6,1018.7,.6,0,21.3,7.4
112,인천,2022-05-06,18.3,14.5,23.2,,4.3,250,2.4,250,55,1416,71.5,14.9,1017.7,1015,1016.4,5.4,2.5,23,7.9
112,인천,2022-05-07,16.6,13.3,22,.3,7,290,3.5,270,19,1405,54.3,9.6,1018.8,1016,1017.2,8.8,3.4,22.1,11.1
112,인천,2022-05-08,15.2,11.8,17.5,.7,6.6,50,2.9,140,34,13,48.1,8,1020.6,1017.1,1018.6,9.3,6.4,16.3,9.2
112,인천,2022-05-09,16.1,10.9,22.6,,5.4,70,2.5,70,29,1325,59.6,10.5,1020.1,1015.9,1018.1,3.3,1.1,23.5,8.3
112,인천,2022-05-10,18.8,14.4,23.7,0,4.9,160,2.6,140,16,1138,36.8,7.5,1018.2,1013.5,1015.9,7,3.3,24.1,7.9
112,인천,2022-05-11,16.8,14.2,20.7,0,6,250,2.4,250,40,1315,60,11.2,1016.2,1014.1,1015.3,7.9,2.9,23.7,11.5
112,인천,2022-05-12,18.6,13.8,24.4,,3.9,290,2.3,270,35,1559,54,11.2,1015,1008.7,1011.1,4.5,.1,24.3,9.9
112,인천,2022-05-13,18,14.3,23.4,,6.9,320,3.4,20,29,1321,41.9,8.5,1009.7,1005.3,1007.9,4.8,3.5,24.6,10.4
112,인천,2022-05-14,14.4,12.1,16.7,,8,270,3.8,290,36,1632,53.9,8.7,1015.9,1009.5,1012.7,5.8,0,22.1,6.6
112,인천,2022-05-15,14.8,10.8,19.5,,8,250,3.2,320,23,1240,44.9,7.2,1016.3,1011.6,1014.3,2,0,21.3,4.3
112,인천,2022-05-16,15.4,11.4,19.7,,6.4,230,3.6,230,43,1248,66.3,11.4,1013.9,1009.2,1011.4,.1,.1,23.1,5.9
112,인천,2022-05-17,17.4,13.4,22.4,,4.4,230,3,160,50,1412,69.3,13.5,1014.9,1011.8,1012.9,0,0,25.1,9.4
112,인천,2022-05-18,18.3,15.2,22.2,2.4,7.9,200,4.2,160,45,1212,63.1,13,1018.1,1013.7,1015.4,4.6,2.5,20.5,11.7
112,인천,2022-05-19,17.7,15.3,20.5,,6,230,3.9,180,50,1008,60.3,12.1,1016.9,1015,1016.1,4.8,1.1,22.7,11.3
112,인천,2022-05-20,18.4,15.2,22.3,,5.2,250,2.6,230,46,1152,59.1,12.4,1016.3,1011.4,1013.6,5.6,2,23.5,9.3
112,인천,2022-05-21,17.1,14.5,20.1,,4.8,230,2.6,200,67,1442,81.3,15.8,1012.2,1007.5,1009.7,5.9,5.9,26.4,14.9
112,인천,2022-05-22,17.3,13.9,20.8,,5.2,230,2.6,230,64,1216,79.5,15.5,1009.5,1006.4,1008,4.9,4.9,25,12.6
112,인천,2022-05-23,19.5,16.3,24.2,,4.4,250,2.4,230,58,1310,75.4,16.8,1014.9,1009.4,1012,4.4,2,27.7,12.5
112,인천,2022-05-24,20.1,15.7,25.9,,4.1,320,2.1,320,40,1627,66.4,15,1016.3,1012.4,1014.1,3.5,0,27.1,11
112,인천,2022-05-25,17.9,15.4,21.7,2,7.2,270,2.7,230,64,1104,81.8,16.5,1012.9,1005.5,1009,6.5,3,25.5,11.2
112,인천,2022-05-26,16.5,13.7,19.9,,6.7,200,3.6,200,44,1453,68.8,12.6,1006.9,1001.3,1004.2,2.1,2,23.8,10.2
112,인천,2022-05-27,17.5,14.5,20.3,,7,230,3.3,230,54,1359,71.4,14.1,1004.3,999.5,1001.6,1.5,1,27.1,12
112,인천,2022-05-28,19.8,15.1,25.2,,6.6,230,3.1,200,49,1550,69.3,15.8,1007.2,1003,1005.1,2.1,.5,26.8,9.5
112,인천,2022-05-29,20,17.1,24.9,,4,320,2.7,320,53,1521,74,17.1,1007.3,1003.1,1005.2,6.5,5.4,25.3,14.3
112,인천,2022-05-30,18.9,16.5,21.6,0,5.6,290,2.4,290,54,2359,75.8,16.5,1005.5,1001.2,1002.8,7.5,5.1,22.8,11
112,인천,2022-05-31,18.7,14.2,22.8,,6.1,250,2.8,250,29,1552,54.1,11.4,1009.2,1005.5,1007.7,2.3,1,25.2,7.4
112,인천,2022-06-01,20.4,16.5,25.4,,5.7,230,3.1,250,26,1308,48.5,11.2,1009.7,1004,1006,1.4,0,26.6,10.3
112,인천,2022-06-02,19.5,16.6,23.5,,3.7,230,2.4,230,59,1529,76.1,17.1,1009.1,1005.6,1007.8,5.8,4.4,26.5,11.1
112,인천,2022-06-03,21.3,18.4,26,,4.7,270,2.2,250,54,1329,72,17.9,1011.7,1008.5,1009.8,3.6,2.5,29.8,15.9
112,인천,2022-06-04,22.8,17.9,26.9,,3.5,320,1.9,320,57,2356,72.5,19.7,1012.4,1005.5,1009.4,7.9,3.1,30.9,15.4
112,인천,2022-06-05,21.9,20.3,25.5,.5,4.5,140,2.7,110,45,1142,60,15.6,1006,1000,1002.5,9.4,6.3,22.5,17.8
112,인천,2022-06-06,19.6,16.5,23.6,1.6,6,70,3.3,70,46,1521,65.4,14.6,1005.9,998.9,1001.5,7,5.5,27,15.4
112,인천,2022-06-07,19.9,15.5,24.7,0,5.3,70,2.9,70,36,1200,54.9,12.5,1009.7,1005.5,1007.2,5.9,5.1,25.1,11.7
112,인천,2022-06-08,19.9,17.2,23.7,,5.1,250,2.6,140,52,1355,70.1,16.1,1013,1009.7,1011.3,4,2.1,31.2,12.8
112,인천,2022-06-09,20.1,17.7,24.2,.4,4.3,290,1.9,250,55,1447,76,17.6,1014.1,1012.2,1013.1,5.4,3.3,27.7,14.3
112,인천,2022-06-10,20,17.6,24.3,4.4,5.6,290,2.1,290,59,1246,77.5,18,1014.8,1013,1013.9,7,2.1,23.5,13.6
112,인천,2022-06-11,23.9,17.7,29.2,,5.8,290,2.8,50,37,1500,61.1,17.3,1014.1,1009.2,1012,3.6,1.1,28.8,14.7
112,인천,2022-06-12,22.9,19.9,27.5,,4.5,250,2.5,90,45,1056,63,17.3,1013.3,1010.3,1012,5.6,.3,29.1,14.9
112,인천,2022-06-13,22.7,18.9,28.9,0,4.8,50,2.5,70,47,1249,67.8,18.5,1011.2,1006.1,1008.6,7.4,4.8,26.3,17.6
112,인천,2022-06-14,21.8,18.2,27.6,.1,6.8,90,3.6,90,36,1218,50.1,12.9,1009.4,1007,1008,7.9,4.8,25.5,15
112,인천,2022-06-15,17.3,14.9,20,19.7,4.5,230,2.3,90,60,1,90.5,17.9,1007.7,1004.7,1005.8,10,7.8,20.2,14.8
112,인천,2022-06-16,19.2,17,22.3,2.7,4.9,230,2.6,250,59,1551,78.5,17.2,1009.1,1005.9,1007.9,3.9,3.5,23.7,14.5
112,인천,2022-06-17,21.2,17.3,25.1,,4.2,200,1.9,180,67,1232,79.9,20,1009.7,1006.1,1007.9,7.8,7.8,23.2,13.5
112,인천,2022-06-18,22,20.5,24.5,,6.5,250,2.1,230,71,1705,82.9,21.8,1008.9,1006.3,1007.5,8.8,8.1,24.5,18
112,인천,2022-06-19,22.4,21.2,24.3,,3.5,200,2,230,72,1531,83.6,22.4,1008.7,1006.2,1007.5,9,9,24.5,20.4
112,인천,2022-06-20,23.4,21,27.6,0,3.8,320,1.7,250,61,1728,81.8,23.2,1006.8,1002.9,1004.7,5,5,28.2,18.5
112,인천,2022-06-21,23.2,19.6,27.8,,3.9,250,2,320,61,1540,81,22.6,1006,1002.8,1004.1,5.5,2,30.1,17.3
112,인천,2022-06-22,22.9,20.4,26.6,,3.7,230,2,230,64,1520,81.4,22.4,1008.7,1005.8,1007.2,6.9,4.9,29.7,18.8
112,인천,2022-06-23,22.3,20.4,25.2,92.3,8.4,200,3.8,200,79,1104,92.4,24.8,1006,994,999.3,9.5,7.3,23,18.7
112,인천,2022-06-24,20.8,19.3,22.8,8.4,7.4,250,3.7,200,88,1755,94.9,23.2,1001.8,993.2,998.1,8.6,8.6,23.5,19.4
112,인천,2022-06-25,23.7,19.9,26.4,,6,200,3.4,200,78,1614,87.3,25.4,1006.9,1000.9,1003.8,7.6,5.9,25.3,19.9
112,인천,2022-06-26,25.1,23.5,26.6,0,8.2,200,4.5,180,81,2137,85.6,27.1,1010.6,1005.1,1007.7,10,8.1,24.5,21.9
112,인천,2022-06-27,25.8,24.5,27.3,2.3,10.4,180,5.2,180,78,1153,83.8,27.7,1009.9,1002.8,1006,10,7.3,24.8,23
112,인천,2022-06-28,25.1,24.1,26.3,2.6,10.6,180,7.2,180,79,49,85.9,27.2,1003.9,1001.1,1002,10,8.9,24,22.9
112,인천,2022-06-29,23.7,23.1,24.5,24.9,10.8,200,5.4,200,92,1,95.8,27.9,1007.4,999.7,1004,10,8.1,24.4,22.7
112,인천,2022-06-30,22.6,21.2,24.4,126.1,5.7,200,2.7,140,95,1748,97,26.6,1012.5,1007,1009.9,10,8.1,23.2,21.2
112,인천,2022-07-01,25.6,23.6,28.1,,4.9,160,2.9,160,76,1149,86,28,1015.2,1012.5,1014,4.8,1.9,29.2,22
112,인천,2022-07-02,26.5,23.4,30.6,,4.1,290,2,290,66,1725,80.8,27.7,1014.5,1010.4,1012.6,4,1.4,29.7,21.4
112,인천,2022-07-03,27.1,23,31.3,,3.9,320,2.1,290,55,1758,72.6,25.5,1011.4,1006.7,1008.6,4.6,2.1,29.8,21.3
112,인천,2022-07-04,27.3,24.3,30.9,,4.4,320,1.7,290,55,1250,71.4,25.7,1007.2,1003.6,1005.3,7.1,2.8,29.7,22.6
112,인천,2022-07-05,27.3,24.4,31.1,0,5.1,250,2.1,230,62,1500,74.8,26.8,1006.7,1003.9,1005,5.3,2.6,30.1,23.5
112,인천,2022-07-06,29,25.2,33.2,,4.7,230,2,160,56,1624,72.5,28.8,1007.7,1005,1006.4,6.3,3.4,30.7,23
112,인천,2022-07-07,27.6,25,30,.5,7.8,160,4.3,160,67,1108,78.5,28.7,1006.7,1003.3,1004.8,9,7,28.1,24.3
112,인천,2022-07-08,24.4,23.4,26.8,0,4.8,200,2.9,200,78,1625,88.6,26.9,1004,1001.4,1002.9,9.4,8,26.7,23.1
112,인천,2022-07-09,25.3,22.7,28.5,,4.1,230,1.8,250,68,1701,82.8,26.5,1004.3,1001.6,1002.9,6.1,4.9,29.7,22.7
112,인천,2022-07-10,26.7,23.7,31,,5,270,1.9,230,49,1924,75.1,25.8,1006.5,1002.7,1004.7,6.9,3.3,31.3,21.8
112,인천,2022-07-11,26.7,24.3,29.2,,4.3,250,2.3,250,62,1616,69.9,24.5,1008,1004.3,1005.6,4,3.4,31.9,23
112,인천,2022-07-12,26.7,24.4,29.2,,4,70,2.2,90,63,1124,72.1,25.2,1009.1,1005.4,1007.1,8.8,2.9,29.5,21.5
112,인천,2022-07-13,24.4,23.5,27.2,168,9.6,180,3.6,140,77,5,93.4,28.3,1006.7,997.2,1001.4,10,7.8,24.9,23.3
112,인천,2022-07-14,24,22.2,27.7,.5,5.4,250,2.8,250,73,1533,87.9,26.1,1001.4,998.4,1000.2,7,6.1,28.3,21.5
112,인천,2022-07-15,24.3,22.1,27,,4.5,270,2.8,230,67,1431,84.6,25.5,1001.6,998.3,999.9,4.3,4.3,29.7,21.5
112,인천,2022-07-16,24.4,22.9,27.4,,5.3,250,2.9,230,68,1800,83.6,25.4,1000,997.2,998.4,6.9,4.4,30.1,21.9
112,인천,2022-07-17,24.6,22.6,27.3,,4.4,250,2.7,200,71,1654,83.8,25.8,1001.9,999.4,1000.4,7.5,3.8,29.6,21.6
112,인천,2022-07-18,25.9,23.6,30,,3.7,270,1.9,140,60,1301,78.8,26,1001.5,997.1,999,7.5,4.9,27.9,21.7
112,인천,2022-07-19,25.8,24,28.4,,4.9,250,2.5,250,64,1331,81.1,26.8,1005.5,999.1,1002.3,6.1,2,31.2,22
112,인천,2022-07-20,25.8,24.2,28.7,.7,4.1,230,2.4,250,60,1409,80.4,26.4,1007.2,1004.5,1006.1,9,5.6,30.9,22.8
112,인천,2022-07-21,23.2,20,26.8,12.8,7.4,50,3.7,50,69,1805,83.8,23.6,1004.8,1000.2,1002.3,8.8,6.5,27.1,20.2
112,인천,2022-07-22,24.8,23.1,26.9,,5.9,250,2.8,250,75,1623,82.6,25.8,1006.6,1004.7,1005.7,6.6,6.3,29.4,21.3
112,인천,2022-07-23,24.2,22.5,26.7,11.6,5.3,180,2.2,160,68,1352,84.5,25.3,1006.4,1001.1,1004.2,9,4.5,26.7,21.8
112,인천,2022-07-24,24.5,22.4,27.4,.4,3.9,290,2.2,110,80,1532,87.8,26.8,1005.7,999.7,1002.2,9.5,6.6,26.7,22
112,인천,2022-07-25,25.8,22.5,29.5,,4.8,270,2.4,290,65,1742,79,26,1010.1,1005.7,1008.8,1.4,1.1,31,20.4
112,인천,2022-07-26,27.5,24.1,31.5,,4,250,1.9,290,55,1435,74.6,27,1010.6,1008.2,1009.3,6.1,1.3,31.7,21.4
112,인천,2022-07-27,27.8,25.1,31.2,,4.2,140,2.2,140,55,1744,72.6,26.9,1010.4,1007.9,1009.2,5.8,1.3,31.6,22.3
112,인천,2022-07-28,28.4,25.1,32.4,,4.9,250,2.5,110,50,1411,64.5,24.7,1011.8,1009.3,1010.4,4.4,3.5,30.7,21.8
112,인천,2022-07-29,29.3,26.9,32.8,,5.1,250,2.5,140,57,1419,71,28.8,1012.7,1010.2,1011.6,3.9,2.8,33.8,23.6
112,인천,2022-07-30,31.1,27.8,35.2,0,5,140,2.4,110,47,1257,61.8,27.6,1011.3,1006.8,1008.8,5.1,3.1,32.2,23.6
112,인천,2022-07-31,27.2,25.2,29.6,20.7,4.3,90,2.6,90,66,5,82.4,29.4,1008,1004.5,1005.8,9.8,6.6,28.4,25.1
112,인천,2022-08-01,27.7,24.9,31.3,31.3,7,140,3.1,160,69,1536,85,31.1,1006.5,1003.7,1004.9,8.8,5.8,31,24.6
112,인천,2022-08-02,25.5,24.5,26.3,148.2,10.2,180,5.1,200,90,1156,95.8,31.1,1009.8,1005,1007.8,10,6.8,26.5,24.5
112,인천,2022-08-03,26.3,24.7,28.1,51.1,7.5,250,3.4,230,89,1446,94.6,32.3,1011.3,1009.1,1010.1,8.9,7.5,28.7,24.4
112,인천,2022-08-04,27.3,25.3,30,,4.2,200,2.3,230,74,1737,88.1,31.9,1011.4,1007.6,1009.5,5.1,4.8,31.1,24.5
112,인천,2022-08-05,27.8,26.3,30,0,4.6,230,2.8,230,75,1712,87,32.2,1008.1,1004,1006.1,6,5.8,31.6,25.4
112,인천,2022-08-06,27.7,26.6,30.1,0,4.4,200,2.3,200,78,1649,88.4,32.8,1006.8,1004.5,1005.8,7.4,6.6,29.9,25.5
112,인천,2022-08-07,28.1,26.9,30,0,7.1,180,3.8,160,78,1437,85.6,32.4,1006.8,1004.6,1005.8,7.9,3.8,28.9,25.3
112,인천,2022-08-08,26.2,24.4,27.8,207.8,8.8,230,5,180,86,542,93,31.6,1006.9,1004.3,1005.6,10,7.5,26.5,23.8
112,인천,2022-08-09,24.2,21,26,113.1,8.7,230,3.2,250,96,1610,97.4,29.3,1006.8,1002.9,1005.6,10,6.8,25.6,20.9
112,인천,2022-08-10,22.7,20.2,25,6.3,3.8,250,2,230,83,1248,90.6,24.9,1007,1005.3,1006,9,4.8,25.9,20.8
112,인천,2022-08-11,23.5,21.6,25.2,19.4,3.5,200,1.9,230,84,1439,90.8,26.1,1005.7,1003.2,1004.1,8.1,5.9,27.1,21.3
112,인천,2022-08-12,25.1,22.3,28.1,,4.2,230,1.8,230,68,1734,81.8,25.9,1007.5,1004.6,1006.2,2.8,1.1,28.1,19.6
112,인천,2022-08-13,24.6,23.2,26.2,6.5,5,160,2.1,160,72,745,86.3,26.7,1006.9,1003.2,1005.3,8.9,7.5,25.6,21.8
112,인천,2022-08-14,26.8,24.3,30,1.4,6.1,200,2.2,250,71,1331,86.3,30.2,1006.3,1004.1,1005.1,8.4,6.1,28.2,22.3
112,인천,2022-08-15,27.2,25.6,29,0,9.4,200,6.1,200,80,1259,86.8,31.2,1004.4,997.4,1000.2,9.8,7.4,27.5,24.4
112,인천,2022-08-16,25,23,27.6,0,4.7,250,2.7,230,68,1541,79.9,25.1,1005.7,999.8,1003.5,4,2.3,28.7,20.9
112,인천,2022-08-17,25.2,22.8,28,,4.5,230,1.9,250,59,1506,77,24.4,1007.1,1004.5,1006.1,3.6,1.9,28,19.5
112,인천,2022-08-18,25,22.9,27.6,,4.7,250,2.3,250,64,1518,76.5,24.1,1008.2,1006.6,1007.4,6,3.3,26.9,20.1
112,인천,2022-08-19,25.7,23.6,27.5,11.3,8,180,3.9,160,75,911,86.4,28.5,1006.6,998.7,1002,9.5,5.1,25.9,21
112,인천,2022-08-20,26.7,24.2,29.5,,4.6,250,2.4,250,69,1555,82.1,28.4,1003.7,999.8,1001.9,2.9,2.1,28.5,23
112,인천,2022-08-21,27,24.7,30.1,,3.7,250,1.8,230,58,1735,78.9,27.8,1006.2,1003.2,1004.7,2.8,2.5,29.3,22.2
112,인천,2022-08-22,26.2,23.7,28.6,0,4.8,270,2.8,180,61,2156,78,26.4,1005.2,1003.2,1004.1,8.6,4.8,27.6,22.1
112,인천,2022-08-23,24.4,22,27.9,2.8,4.9,270,2.8,320,53,1919,72.3,21.8,1007.8,1004,1005.9,5.1,3.3,27.9,18.7
112,인천,2022-08-24,24.5,21.6,27.7,,4.7,140,2.6,140,59,1554,65.9,20.2,1009.1,1006.5,1007.6,5.9,3.8,25.3,18.8
112,인천,2022-08-25,22.4,21.2,23.5,1.6,3.6,270,2.1,160,50,1311,74.1,20,1008.7,1006.6,1007.7,8.6,3.8,23.4,18.5
112,인천,2022-08-26,23.7,21,26.5,,5.5,250,2.6,270,64,1344,74.5,21.6,1008.4,1005.5,1007.1,5.9,3.9,25.9,18.3
112,인천,2022-08-27,,,,0,6.8,290,3.6,290,43,1551,55.3,13.9,1013.4,1007,1010.5,2.9,.6,,
112,인천,2022-08-28,22.4,16.9,27,,4,270,2.2,50,39,1249,57.8,15.4,1016.1,1013.2,1014.5,4.8,1.3,24.5,13.8
201,강화,2022-02-28,4.2,-2,10,,4,270,1.3,270,29,1710,77.1,6.3,1024.9,1017,1021.3,5.6,4.9,3.2,-6.5
201,강화,2022-03-01,4.4,-.3,9.7,1.1,5.2,320,1.9,250,42,2104,69.8,5.9,1019.7,1013.6,1015.9,4.9,4.5,4.5,-2.4
201,강화,2022-03-02,3,-2.4,7,,6.9,250,3.5,250,33,1017,67.9,5.2,1020.3,1016.9,1018.5,.8,0,2.3,-5.3
201,강화,2022-03-03,3.6,-2.1,9.4,,4.5,270,2,270,24,1411,63,4.7,1020.3,1017.5,1018.8,.8,0,3.4,-6.3
201,강화,2022-03-04,5,-2.6,13,,9.7,250,2.9,250,50,1409,79.6,7,1018.5,1006.9,1012,4.5,2.9,2,-6.8
201,강화,2022-03-05,2.4,-.3,6.4,,7.2,270,3.3,250,20,1156,35.3,2.5,1021.2,1011,1017.2,.8,0,2.5,-3.5
201,강화,2022-03-06,1.3,-4.9,6.1,,4.8,250,2.3,250,20,1152,37.3,2.4,1025,1021,1023.1,2.5,0,2.2,-7.7
201,강화,2022-03-07,.4,-5.4,5.9,,4.4,270,1.4,270,31,1648,52.3,3.3,1023.7,1020.3,1021.8,7,2.8,.8,-8.8
201,강화,2022-03-08,3.9,-.9,9.1,,4.3,270,1.4,270,49,535,69.5,5.6,1021.2,1019.3,1020.4,5.3,4.3,4.4,-4.8
201,강화,2022-03-09,3.7,-.7,9.6,,4.7,250,1.5,250,59,2041,81.9,6.6,1025.1,1021.2,1023.1,5.3,2.8,4.6,-5
201,강화,2022-03-10,5.6,-.9,12.7,,4.1,270,1.5,270,23,1236,73.5,6.2,1023.1,1020.1,1021.6,5.1,.6,4.8,-4.6
201,강화,2022-03-11,8.5,.9,17,,4.1,230,1.3,250,44,1523,74.3,8.1,1021.3,1017.2,1019.2,6.3,1.9,7.6,-3.1
201,강화,2022-03-12,9.4,2.6,17.5,9.5,4.5,270,1.8,90,54,1137,83.6,9.9,1019.2,1012.5,1015.8,7,5.6,8.1,-1.5
201,강화,2022-03-13,10.3,7.8,13.7,16.1,3.6,290,1.3,270,83,1624,98.5,12.3,1014.8,1010.2,1012,8.3,7.6,9.9,4
201,강화,2022-03-14,6.8,2.3,11.4,6.2,6.1,250,2.5,270,83,2109,93.4,9.2,1014.8,1009.4,1012.4,7.8,6.6,6.7,.5
201,강화,2022-03-15,4.1,-.7,10.3,,4.2,270,1.8,270,58,1352,85.9,6.9,1017.5,1013,1015.4,2.6,1.5,6.6,-3.8
201,강화,2022-03-16,8,-.5,15.1,,4.8,270,1.5,270,47,2023,70.4,7.5,1021.1,1014.8,1018,4.4,.6,8.2,-3.1
201,강화,2022-03-17,9.4,6.2,14,0,5.1,70,2.1,70,47,1611,59.8,7,1022.4,1017.5,1020,9.8,8.4,8.5,4.8
201,강화,2022-03-18,6.9,4.3,10.2,,5.7,70,4.2,70,51,1252,62.5,6.2,1018.1,1008.6,1012,9.4,6.5,7,3.5
201,강화,2022-03-19,2.7,.5,5.8,15.6,4.5,70,2,70,67,16,93.4,6.9,1016.5,1005.5,1010.2,8.4,6.4,3.5,-1.1
201,강화,2022-03-20,4.4,1,8.8,0,5.7,250,2.1,250,35,1938,67.3,5.6,1023.7,1016.5,1019.8,3.9,1.8,6.8,-.9
201,강화,2022-03-21,4.8,-1.9,8.8,,4.8,320,2.3,250,31,1150,48.9,4.2,1027.1,1023.3,1025,6.8,1,4.4,-4.6
201,강화,2022-03-22,6.2,.7,12,,6.3,320,2.7,70,31,1451,53.8,5,1026,1020.8,1023.2,2.4,0,7.5,-2.7
201,강화,2022-03-23,5,1.8,6.8,,4.3,270,1.8,290,41,1214,65,5.7,1021.3,1017.4,1019.1,8.9,6.5,6.1,-1.3
201,강화,2022-03-24,6.9,1.6,10.7,,3.8,270,1.5,250,64,2152,80.9,8,1022.5,1018,1020.2,8.5,5.5,6.4,-1.1
201,강화,2022-03-25,11.2,4.7,16.8,13.7,4.1,70,1.6,70,52,1430,73.1,9.7,1022.6,1003,1015.1,8.3,3.9,8.7,1.7
201,강화,2022-03-26,11.4,8.2,16.3,30.9,5.9,250,2.9,270,43,1945,77.8,10.4,1012.5,995.9,1003.3,7,4.4,11.5,7.1
201,강화,2022-03-27,7.5,2.1,11.9,,7.1,250,3,290,19,1502,49.4,5,1023.7,1012.4,1017.2,1.6,0,8.1,-.7
201,강화,2022-03-28,5.9,-1.7,12.1,,4.2,250,2,320,18,1220,41.9,3.7,1028.7,1023.8,1027,0,0,7.4,-4.8
201,강화,2022-03-29,7.1,-1.3,13.9,,3.7,270,1.5,270,41,1025,63.9,6.5,1028.3,1023,1025.4,2.9,1.5,8.9,-5.4
201,강화,2022-03-30,9.2,2.9,14.8,.7,2.9,250,1.2,20,56,1053,86,10,1023.6,1018.4,1021.7,7.9,6.4,9,-.6
201,강화,2022-03-31,10.2,3.8,14.9,1.5,5,20,1.9,20,38,1602,72.6,8.7,1029,1021.8,1025.2,6.4,3.1,11.1,1
201,강화,2022-04-01,7.5,2,13.2,,5.7,250,2.5,90,23,1428,61.9,6.1,1032.1,1028.4,1029.8,.3,0,9.6,-2.1
201,강화,2022-04-02,6.6,-.8,11.8,,5.7,250,2.3,250,24,1036,56.6,5.4,1029.8,1026.9,1028.4,1.3,0,8.8,-4.6
201,강화,2022-04-03,7.6,-.2,14.8,,6.6,320,2.4,270,29,8,60.1,6.2,1030.6,1027.6,1029,1.8,0,9.9,-4.1
201,강화,2022-04-04,7.9,.8,14.4,,5.5,250,2.4,270,31,1228,71.3,7.4,1030.5,1026.9,1028.8,1.5,0,10.6,-2.8
201,강화,2022-04-05,7.8,.7,13.6,,5.5,270,1.9,270,31,1500,62.9,6.2,1027.2,1020.8,1023.4,5.4,.5,10,-3.3
201,강화,2022-04-06,10.2,4.5,15.5,,4.5,320,1.8,290,20,1328,58.6,6.9,1024.5,1020.4,1022.2,7.1,3.8,13.2,1.4
201,강화,2022-04-07,8.6,3.8,12.4,,6.6,250,3.1,250,34,26,63.8,6.9,1021.1,1017.1,1019.1,3,2.3,12.4,.5
201,강화,2022-04-08,10.1,1.9,16.5,,4.6,270,1.7,270,25,1432,61.1,7.1,1022.9,1016.3,1019.7,1.8,.3,12.4,-2.2
201,강화,2022-04-09,17,9.8,20.5,,6.9,250,4.1,250,34,149,48,9.3,1016.6,1013.8,1015.4,1.9,1.1,15.1,6.3
201,강화,2022-04-10,15.7,10.9,21.5,,5.6,270,2.4,270,33,1241,61,10.5,1018.8,1015.9,1017.3,2,.8,16,7.1
201,강화,2022-04-11,17,11.8,22.8,,4.8,270,2.1,270,53,1016,78.3,15,1017.2,1010.8,1013.8,3.1,2,18.2,8.5
201,강화,2022-04-12,15,12.2,19.6,2.8,5.3,270,2.1,250,78,1124,96.3,16.3,1012.9,1009.9,1011.6,8.8,7.8,17.4,12.4
201,강화,2022-04-13,13,10.7,16.7,.1,5.4,90,3.4,90,46,1552,67.3,9.9,1018.3,1011.9,1015.2,9.8,9.4,15.1,10.1
201,강화,2022-04-14,13.1,10.3,17.6,,4.5,70,3,70,40,1702,48.4,7.3,1021.6,1017.1,1019.1,8.4,8,14,7.5
201,강화,2022-04-15,11.3,3.7,16.4,,6.2,70,2.3,50,33,1154,54.9,7.2,1021.6,1015.7,1019,2,.4,14.7,-.5
201,강화,2022-04-16,10.5,3.5,17.3,,5.8,270,2.8,290,27,1118,64.5,7.8,1020.5,1016.6,1018.6,1.8,0,14.5,-1
201,강화,2022-04-17,10.4,2.9,16.4,,6.3,270,2.6,270,43,1552,76,9.4,1020.6,1017.8,1019,3.6,0,14.7,-1.5
201,강화,2022-04-18,11.7,8,17.8,,5.7,270,2.7,270,33,1302,72.9,9.7,1019.9,1017,1018.5,5,.6,15.1,6.6
201,강화,2022-04-19,11.4,4.9,17.6,,6,270,2.6,270,48,1309,79.6,10.5,1019.4,1016.8,1018.3,1.9,0,15.7,.9
201,강화,2022-04-20,10.9,4.7,17.6,,5,270,1.7,270,38,1557,74.3,9.3,1018.7,1014.8,1016.9,2.4,0,15.7,.5
201,강화,2022-04-21,13.5,5.4,19.6,,7.7,250,3.2,250,21,1124,54.5,8.2,1016,1010.9,1012.7,5.4,1.6,15,.9
201,강화,2022-04-22,12.5,10.1,14.3,,6.1,250,3.4,270,59,1,88.6,12.7,1014.3,1009.9,1011.4,6.6,5.8,13,10.5
201,강화,2022-04-23,14.7,8.2,22.7,,3.7,290,1.6,270,37,1624,69,10.9,1016.5,1010.1,1013.1,4.9,2.4,17.6,5.9
201,강화,2022-04-24,14.4,11.5,18.6,1.5,4.2,270,1.7,270,65,2,93.9,15.4,1013.5,1010.9,1012.5,6.9,6,16.9,7.9
201,강화,2022-04-25,17.8,13.8,22.3,.6,2.4,250,1,270,65,1320,88.8,17.9,1014.7,1006.8,1011.6,8.9,4.3,19.1,14.2
201,강화,2022-04-26,20.6,15.9,27.2,.1,5.8,320,2,250,32,2359,61,14.3,1011.2,1000.7,1004.6,4.3,1.9,22,11.9
201,강화,2022-04-27,15.3,10.1,21.2,,4.4,250,2.4,250,21,1325,37.3,6.4,1018.5,1011.2,1015.8,.3,0,20.4,4.8
201,강화,2022-04-28,14.9,7.3,22.2,0,5.7,320,2.1,70,25,1559,49.5,8.1,1019.5,1015,1017.1,6.4,3.4,18.8,2.9
201,강화,2022-04-29,11.7,8.9,16.4,12,5.4,70,3,70,53,1433,77.3,10.4,1021.1,1015.4,1017.7,8.1,4.5,14.5,8.2
201,강화,2022-04-30,11.9,9.4,15.7,,5.4,270,2.2,270,52,2148,73.3,10.2,1021.2,1015.9,1018.4,8.3,5.3,15.6,5.7
201,강화,2022-05-01,11.8,5.1,16.4,,6.5,250,3.6,250,40,925,67.1,9.2,1017.5,1011.2,1013.7,1.5,1,17,.2
201,강화,2022-05-02,12.6,5,18.7,,5,250,2,250,27,1212,60,8.1,1017.7,1013.1,1014.6,2,.3,18.8,-.3
201,강화,2022-05-03,12.1,4.8,17.4,,5.9,250,2.6,270,26,1150,51.8,7,1020.9,1017.7,1019.9,.6,0,18.2,-1
201,강화,2022-05-04,14.8,8.1,21.2,,5.6,250,2.6,20,38,1132,55.4,9.1,1020.4,1018.4,1019.6,.6,0,20.4,4.2
201,강화,2022-05-05,15.1,8.6,20.9,,4.8,270,2.1,270,36,912,67.5,11.3,1021.8,1017.4,1019.6,1.9,0,21.7,3.3
201,강화,2022-05-06,17,11.2,22,,4.6,250,2.3,250,65,1002,86.1,16.4,1018.6,1016.2,1017.5,5.5,3.8,23.8,5.8
201,강화,2022-05-07,17.2,13.7,22.4,.7,4.3,250,2.1,290,18,1402,51.6,9.3,1020,1016.7,1018.1,8,3.5,21.6,11.5
201,강화,2022-05-08,14.2,10.2,17.8,.6,4.5,70,2.1,70,30,1,58.8,9.1,1021.7,1018.4,1019.9,9.6,8,15.5,8.1
201,강화,2022-05-09,15.2,7.3,24.1,,4.6,270,1.8,110,24,1604,65.3,10.6,1021.2,1016.9,1019.2,3.1,.3,22.7,3.8
201,강화,2022-05-10,17.5,10.7,23.9,0,4.5,270,2,270,20,1056,50.9,9.5,1019.3,1014.5,1016.9,6.9,3.9,23.9,6.5
201,강화,2022-05-11,16.4,13,21.5,.1,5.6,270,2.4,270,45,1216,68.3,12.4,1017.1,1014.6,1016.1,7.5,3.5,23.6,9.7
201,강화,2022-05-12,18.2,10.1,25.7,,6,320,2.1,90,25,1334,55.1,10.9,1015.8,1009.4,1012.2,5.1,2.8,25.2,6.2
201,강화,2022-05-13,16.9,10.5,24.2,,4.7,290,1.7,360,26,1236,48.1,8.7,1010.9,1006.7,1009.1,4.6,3.8,23.8,5.2
201,강화,2022-05-14,14.7,8.1,20.2,,6,250,3.1,270,21,1431,44.9,7.1,1017,1010.2,1013.4,4.5,.3,22.1,4.4
201,강화,2022-05-15,15.3,6.4,20.2,,6.1,250,2.8,250,25,1014,41.9,7,1017.2,1012.4,1015,1,0,22.9,-.4
201,강화,2022-05-16,14.8,9.5,19.7,,6.9,270,2.8,250,51,1320,78.9,12.9,1014.4,1009.9,1012.1,1.3,.1,23,3.1
201,강화,2022-05-17,16.3,10.9,22.1,,5.2,270,2.2,20,53,1115,81.5,14.7,1015.7,1012.6,1013.8,1.9,.8,24.4,6.3
201,강화,2022-05-18,17.1,12.3,23.1,.5,5.5,250,2.8,250,48,1240,77,14.6,1017.2,1014.2,1015.9,5.4,2.6,17.9,7.3
201,강화,2022-05-19,16.9,12.4,21.9,,4.9,250,2.4,270,50,1101,72.8,13.6,1017.6,1015.4,1016.8,5.4,.1,24.2,8.4
201,강화,2022-05-20,17.4,11.9,21.9,,4.1,270,1.8,270,55,1515,76.5,14.9,1017.1,1012.3,1014.5,3.6,1.3,27.1,8
201,강화,2022-05-21,16.6,14.3,19.6,,5.5,250,2.4,270,74,922,91.9,17.2,1012.9,1008.2,1010.5,5.6,5.6,24.9,14.3
201,강화,2022-05-22,16.5,13.5,20.6,,3.7,270,1.9,270,73,1506,90.9,16.8,1010.3,1007.3,1008.8,5,4.4,24.2,9
201,강화,2022-05-23,18.7,13.1,24.7,,5.5,270,2.5,270,55,1346,86,18.1,1015.5,1010.3,1012.9,2.9,2.5,28.9,8.5
201,강화,2022-05-24,18.8,11.9,25.5,,4.8,270,2.2,270,42,1605,79.5,16.5,1017.1,1013.1,1015,3.3,.1,29.2,7.6
201,강화,2022-05-25,16.9,11.8,21.6,8.7,5.9,250,2.4,250,69,1019,90.4,17.2,1013.9,1006.1,1009.7,6.6,3.4,25.1,7.3
201,강화,2022-05-26,16.6,11.1,20.5,,7.5,250,3.8,250,41,1425,74.8,13.7,1007.7,1001.6,1004.7,2.8,2,24.1,7.3
201,강화,2022-05-27,17.1,13.5,21.3,,5.7,270,3,270,55,1117,80.6,15.4,1004.9,1000,1002.3,2.6,1,27,9.9
201,강화,2022-05-28,19.2,11.7,24.7,,5.5,270,2.7,270,54,1603,82,17.8,1007.9,1004,1005.9,4.4,1.4,26,8.3
201,강화,2022-05-29,18.9,15.3,24.1,,4.2,270,1.7,270,66,1435,88.6,19.1,1008.1,1004.4,1006.2,6.4,4.6,23.5,12.5
201,강화,2022-05-30,18.4,13,21.6,0,5.1,290,1.6,290,48,1951,81.4,17.3,1006.5,1002,1003.7,7,6.5,22.4,8.4
201,강화,2022-05-31,17.8,9.6,24,,5.7,250,2.3,250,24,1348,57.1,11.2,1009.7,1006.4,1008.4,2.4,1.3,25.7,4.6
201,강화,2022-06-01,19.6,13.6,25,0,5.2,250,2.4,270,35,1201,61.6,13.4,1010.9,1004.7,1007,1.9,1,30,8.7
201,강화,2022-06-02,18.4,13.2,22.3,,4.5,250,2.2,270,65,1146,87.8,18.2,1009.9,1006.4,1008.5,6.1,4.1,25.4,8.8
201,강화,2022-06-03,20.7,16.5,26.1,,5,250,1.9,270,56,1205,82.5,19.5,1012.2,1009.4,1010.6,2.8,1.6,30.8,13.8
201,강화,2022-06-04,21.3,16.5,27,,3,250,1,250,56,1719,82.1,20.4,1013.1,1006.7,1010.4,7.8,6,26.4,13.7
201,강화,2022-06-05,21.9,19.6,25.9,,3.6,160,1.6,110,47,1342,67.8,17.5,1006.8,1001.2,1003.5,9,6.4,26.3,17.5
201,강화,2022-06-06,18,15,22.8,3.6,5.6,70,3.4,70,51,1609,72.9,14.7,1007.2,1000.4,1003.1,6.3,4.4,22.7,14.8
201,강화,2022-06-07,18.6,13.5,25.1,0,4.5,70,2.7,70,42,1452,62.4,13.1,1010.8,1006.9,1008.4,5,2.8,31.2,11.7
201,강화,2022-06-08,18.9,13.8,23.6,,4.5,250,2.2,270,56,1508,76.5,16.5,1013.8,1010.8,1012.3,5,2.9,29.7,10.9
201,강화,2022-06-09,18.8,15.1,23.7,1,4.4,250,1.3,270,60,1423,86,18.2,1015,1013.1,1014.1,5.6,2.6,25.3,12
201,강화,2022-06-10,18,14.9,24,2,3.9,340,1,110,65,1101,92.5,19,1016.5,1013.9,1015,7.8,6.6,22.6,11.9
201,강화,2022-06-11,22.6,15.3,28.9,,3.3,70,1.7,70,46,1434,70.3,18.3,1015.4,1010.7,1013.3,4.1,2.6,28.1,13.1
201,강화,2022-06-12,21.5,17,27.8,,4.4,270,2.3,70,48,1202,75.5,18.8,1014.7,1011.2,1012.9,6.6,.6,30.6,14.9
201,강화,2022-06-13,21,18.3,27.5,13.7,4.7,70,2.1,50,56,1102,84.8,20.8,1012.1,1007.6,1009.9,7.4,5,24.5,16.6
201,강화,2022-06-14,20.5,16.5,25.9,0,4.9,140,2.9,70,44,1130,63.5,14.9,1010.7,1008.1,1009.2,6.9,5.3,20.5,15
201,강화,2022-06-15,16.1,14.2,17.9,20.4,3.3,70,1.7,70,82,51,100,18.2,1008.6,1005.6,1006.9,9.4,8.5,17.8,14.2
201,강화,2022-06-16,18.6,14.7,23.3,,5.4,270,2.1,270,60,1302,86.8,18.3,1009.7,1006.9,1008.7,3.5,2.6,22.4,13
201,강화,2022-06-17,20.1,14.2,25.2,,3.5,250,1.5,270,69,1401,90.6,21.2,1010.6,1007.1,1008.9,5,5,21.6,12.4
201,강화,2022-06-18,21.6,19.1,24.6,0,3.7,270,1.5,270,79,1614,94.1,24.1,1009.7,1007.2,1008.3,7.1,6.5,23,17.7
201,강화,2022-06-19,21.8,20.5,24.2,.3,3,270,1.1,270,80,1529,95.1,24.7,1009.5,1007.2,1008.4,5.9,5.9,23.7,19.9
201,강화,2022-06-20,22.7,19.1,27.3,.2,3.3,270,1.2,270,67,1533,92.3,25.1,1007.7,1004.1,1005.7,5.6,5,25.3,17.1
201,강화,2022-06-21,23,17.8,27.8,,4.3,270,1.9,270,65,1511,86.9,24.1,1006.5,1003.6,1004.9,3.1,.3,30.1,15
201,강화,2022-06-22,22.2,20.1,26.2,,4.4,250,1.9,270,70,1253,92.3,24.4,1009.4,1006.3,1008.1,6.9,4.3,27.3,19.2
201,강화,2022-06-23,21.7,19.8,24.3,129.4,7.2,250,2.9,270,92,1045,99.9,25.8,1006.8,994.6,1000.1,9,7.5,21.7,18
201,강화,2022-06-24,21.4,20,25,.3,5.8,250,3.3,270,81,1601,98.4,24.9,1002.2,993.6,998.6,6.6,6.3,23.8,20.3
201,강화,2022-06-25,23.6,19.4,26.8,,6,250,2.9,270,84,1202,93.1,27.1,1007.7,1001.6,1004.6,6.6,6.3,23.9,18.7
201,강화,2022-06-26,24.9,23.2,26.3,0,6,230,3.6,230,88,2154,94.5,29.7,1011.5,1005.5,1008.5,8.4,8.4,23.7,22.8
201,강화,2022-06-27,25.7,23,26.8,62.8,8.6,250,4.3,230,86,2343,92.6,30.5,1011,1003.6,1007.1,10,9.5,24.3,22.3
201,강화,2022-06-28,25.4,24.3,26.6,6.1,9.8,250,7.5,250,85,15,91.8,29.7,1004.8,1001.7,1002.5,9.8,9.6,23.9,23.7
201,강화,2022-06-29,23.5,22.8,25.7,47.6,10.6,250,4.9,250,93,1,100,28.8,1008.4,1000.3,1004.8,8.5,8.4,23.6,23
201,강화,2022-06-30,22.2,20.9,23.9,196.8,4.4,250,1,50,100,1,100,26.6,1013.2,1007.9,1010.8,9.5,8.4,22.6,21.3
201,강화,2022-07-01,25.7,22.7,29.7,.2,6,250,2.7,250,68,1215,90.4,29.6,1016,1013,1014.9,6.4,4.9,26.6,22.1
201,강화,2022-07-02,25.6,21.6,30.6,,3.4,250,1.3,20,70,1446,88.4,28.6,1015.8,1011.4,1013.6,3.6,1.6,29.4,20.8
201,강화,2022-07-03,25.8,20.3,31.3,,3.7,290,1.4,290,57,1514,83,27,1012.2,1007.5,1009.5,3.8,.8,29.5,19.5
201,강화,2022-07-04,26.8,22.4,31.2,,3.5,250,1.3,320,59,950,83.5,28.8,1008,1004.5,1006.2,7.4,2.3,29.2,21.6
201,강화,2022-07-05,27,24,31.1,,4,270,1.5,270,68,1045,87.8,30.8,1007.5,1004.7,1005.8,6.4,2.6,30.8,23.3
201,강화,2022-07-06,27.7,23.3,33.3,.4,3.3,270,1.3,20,57,1632,85.3,31.1,1008.8,1006.2,1007.5,7.4,2.6,30.6,22.9
201,강화,2022-07-07,26.7,24.3,28.8,1.6,7.2,250,3,250,75,901,89.5,31.1,1007.8,1004,1005.6,7.9,6.9,27.1,23.9
201,강화,2022-07-08,23.9,23.2,26.3,2.2,5.5,250,3.1,250,82,1541,97.5,28.7,1004.5,1002.3,1003.5,8.8,8,26,23.3
201,강화,2022-07-09,25,22.5,28.8,,4.5,270,2.2,270,80,950,93.6,29.5,1005.2,1002.3,1003.6,4.5,1.6,29.1,21.9
201,강화,2022-07-10,25.9,21.5,31.7,,4.9,290,1.6,270,47,1921,78.9,25.8,1007.4,1003.8,1005.5,5.8,2.1,29.8,21
201,강화,2022-07-11,25.7,21.9,29.6,,4,270,1.8,270,59,1100,77.5,25.4,1009.2,1005.1,1006.6,6.5,2.8,30.1,21
201,강화,2022-07-12,25.1,22.1,28.3,,3.5,70,1.5,70,68,1518,83.5,26.5,1010.5,1006.3,1008.2,9.1,4.1,26.1,20.2
201,강화,2022-07-13,24.4,23.7,26,100.5,5.1,230,1.8,180,90,222,99.4,30.2,1007.3,998.5,1002.2,9.1,6,24.8,23.7
201,강화,2022-07-14,24.2,21.5,28.4,1,4.6,290,2,270,72,1157,91.4,27.3,1001.9,999.1,1001,6.1,2.9,27,21
201,강화,2022-07-15,23.6,19.9,27.3,,4.9,250,2,270,71,1439,93.3,27,1002.4,998.8,1000.6,3.5,1.9,28.1,19
201,강화,2022-07-16,24.4,22,28.2,0,5.2,250,2.2,250,76,1339,91.8,27.8,1000.6,997.8,999,6.9,3,29.2,21.5
201,강화,2022-07-17,24.6,21.6,27.3,,5,250,1.9,270,69,1537,91.5,28,1002.4,1000.2,1001.2,6.3,3.6,28.3,20.9
201,강화,2022-07-18,25.5,21.7,29.8,,3.7,270,1.8,270,61,1144,85,27.3,1002.3,998.1,1000,5.3,2.3,28.5,20.9
201,강화,2022-07-19,25.6,22,29,,4.2,250,2,270,63,1216,87.6,28.3,1006.1,1000,1003,6.1,.5,29.7,21.2
201,강화,2022-07-20,25,23.2,27.8,.3,3.9,250,1.9,270,75,1151,92.4,29.1,1008.1,1005.5,1006.9,9.6,5.9,27.9,22.8
201,강화,2022-07-21,23.1,19.3,26.9,16.5,4.9,20,2.6,70,68,1503,87.6,24.6,1005.8,1001.9,1003.6,7.8,6.6,26.8,19.4
201,강화,2022-07-22,23.9,21.6,26.8,7.2,3.9,250,2.1,320,79,1037,93.5,27.5,1007.5,1005.5,1006.4,5.9,3.4,25.6,21.4
201,강화,2022-07-23,23.1,20.7,27.4,22.8,3,70,1,360,70,1245,94.6,26.5,1007.4,1002.4,1005.2,8.8,4.8,25.4,20.4
201,강화,2022-07-24,23.7,21.4,26.4,10.4,2.7,360,1.1,50,87,1750,96.4,28.1,1006.8,1000.9,1003.3,7.8,6.4,25.3,20.8
201,강화,2022-07-25,25.3,20.9,29.7,,3.9,250,1.6,270,64,1141,85.8,27.3,1010.9,1006.8,1009.7,2.8,1.3,29.4,20.1
201,강화,2022-07-26,26.4,21.4,31.4,,3.3,250,1.1,270,58,1426,85.4,28.8,1011.7,1009.1,1010.3,5.6,1.6,29.3,21
201,강화,2022-07-27,26.6,23.7,31.5,,3,290,1.2,270,63,1502,88.5,30.5,1011.4,1009,1010.2,6.6,1.3,29.5,22.4
201,강화,2022-07-28,27.5,23.6,32.6,,3.4,270,1.8,140,52,1423,73.1,26.3,1012.8,1010.2,1011.4,3.9,1.6,30.6,22
201,강화,2022-07-29,28.1,23.9,32.4,,3.4,250,1.4,20,61,1208,81.9,30.7,1013.8,1011.4,1012.6,5.9,1.3,31.7,23.3
201,강화,2022-07-30,28,25.2,34.6,10.1,4.4,90,1.2,90,56,1318,87.6,32.3,1012.4,1008,1010.1,6.6,4.1,31.4,24
201,강화,2022-07-31,25.9,25.1,27.5,47.2,3.1,70,1.6,70,87,920,97.9,32.4,1009.3,1005.6,1006.9,9.9,8.3,27.1,25
201,강화,2022-08-01,27.5,24.9,31.9,23.3,3.8,230,1.6,50,68,1438,92.4,33.5,1007.5,1004.8,1005.9,7.1,5.9,28.6,25
201,강화,2022-08-02,26,25.1,27.4,28.9,4.9,250,3.2,250,90,846,98.5,33,1010.4,1005.8,1008.4,7.5,7,26.8,25
201,강화,2022-08-03,26.5,25,28.4,31.1,4.8,270,2.9,270,95,1440,99.6,34.2,1011.8,1009.7,1010.7,8,7.5,27.8,25.3
201,강화,2022-08-04,27.3,25.4,30.2,.1,3.6,250,2.1,270,78,1433,94,33.7,1012.4,1008.5,1010.3,2.9,1.6,30.2,24.6
201,강화,2022-08-05,27.5,25.2,30.2,.9,4.3,270,2,270,80,1339,94.4,34.4,1008.9,1004.8,1006.9,5.3,3.9,30.7,24.8
201,강화,2022-08-06,27,25.3,29.8,.3,3.8,270,1.3,270,85,1330,98,34.8,1007.6,1005.3,1006.5,7,3.1,29,25.1
201,강화,2022-08-07,27.7,25.1,30.2,1.2,6.6,250,2.4,250,83,1201,95.4,35.1,1007.5,1005.3,1006.5,8.3,5.5,27.9,24.9
201,강화,2022-08-08,26.6,25.1,28,41.2,6.9,250,3.9,250,94,13,99.5,34.4,1006.8,1004.5,1006.1,10,9.4,27,25.6
201,강화,2022-08-09,24.1,21.1,26.2,92.4,4.5,50,1.6,270,99,2314,100,29.9,1007.7,1004.7,1006.3,9.5,,25.8,20.9
201,강화,2022-08-10,23.6,20,28.5,1,4.3,270,1.3,270,68,1233,88.3,25.3,1008.2,1006.1,1006.8,6.4,4.3,27.9,20.7
201,강화,2022-08-11,23.5,21,27,3.4,3.7,250,1,270,77,1317,94.5,27.1,1006.6,1004.2,1004.9,5.9,3.9,27.6,20.4
201,강화,2022-08-12,23.9,19.5,29.4,,3.3,250,1.1,250,63,1455,87.8,25.6,1008.5,1005.8,1007.2,3.6,.8,27.7,18.8
201,강화,2022-08-13,22.9,20.5,25.3,6.3,2.6,20,.8,360,74,312,98.8,27.5,1007.8,1004.6,1006.4,8.1,8.1,24.8,20.1
201,강화,2022-08-14,25.9,21.8,30.4,.4,4,230,1.8,250,73,1311,94.1,31.4,1007.5,1004.9,1006.1,7.3,5.3,27.4,21.5
201,강화,2022-08-15,27.1,25.1,28.4,8.2,9.1,250,5.4,250,90,208,95.3,33.9,1005.1,997.2,1000.6,8.5,8.3,26.6,24.4
201,강화,2022-08-16,24.5,21,28,,3.7,320,2,250,67,1428,89.5,27.1,1006.7,1000.4,1004.4,4.4,2.4,28.3,20.2
201,강화,2022-08-17,24,20,28.5,,4.1,270,1.5,250,59,1426,86.9,25.4,1008.1,1005.6,1007.1,2.9,.5,27.5,18.8
201,강화,2022-08-18,23.6,19.7,28.5,,4.3,270,1.2,270,63,1110,89.3,25.6,1009.4,1007.4,1008.3,5.6,2,26.6,18.5
201,강화,2022-08-19,25.1,21.1,26.8,15.9,6.2,270,2.2,270,83,941,97.1,30.9,1007.4,999.9,1002.7,9,5.9,25.9,20.2
201,강화,2022-08-20,26.3,23,30.1,,3.4,270,1.7,340,71,1517,87.5,29.7,1004.5,1000.5,1002.9,2.9,1.8,28.7,22.5
201,강화,2022-08-21,25.7,22.2,30.2,,3.4,250,1.2,250,67,1434,90.4,29.5,1007.2,1004.2,1005.7,2,1.4,28.8,21.8
201,강화,2022-08-22,24.5,21.6,29.2,4.4,4.7,250,1.5,250,57,1255,89.1,27,1006.3,1004,1005.1,7.8,5.6,26.4,21.5
201,강화,2022-08-23,23.8,20.7,27.7,2.1,4.1,360,1.8,340,53,1735,76.9,22.4,1008.6,1005.3,1007,4.3,2.5,26.3,18.7
201,강화,2022-08-24,23.1,19.2,27.8,,3.2,70,1.3,70,57,843,76,21.3,1010.6,1007.4,1008.7,7.4,3.9,24.6,18
201,강화,2022-08-25,21.5,19.4,24,.7,4.3,320,1.7,290,74,1339,86.8,22.2,1009.4,1007.4,1008.5,8.4,5,23.5,19.1
201,강화,2022-08-26,22.7,18.3,26.6,,4.4,250,2,290,62,1218,85.5,23.3,1009.3,1006.3,1008,5.3,1.8,25.6,17.5
201,강화,2022-08-27,,,,.2,4.4,270,2.1,270,45,1329,59.5,14.7,1014.4,1007.9,1011.6,1.4,.3,,
201,강화,2022-08-28,20.2,13,27,,3,250,1.1,140,38,1522,69.4,15.9,1017.4,1014.3,1015.7,4.1,.6,23.7,11.4
